region,state,cd,unique_id,age_group,race,educ,sex,election_efficacy,target_binary
South,OK,OK-04,140001,50-54,Hispanic,BA/BS,Male,Some,0
West,ID,ID-02,140002,40-44,Asian,Some College,Female,Not much,0
South,VA,VA-02,140003,40-44,White,Some College,Female,Some,0
West,CA,CA-21,140004,45-49,Asian,Some College,Male,Some,0
West,CO,CO-04,140005,80 plus,White,Postgrad,Male,Not much,0
South,TX,TX-05,140006,75-79,White,Some College,Female,Some,0
Midwest,WI,WI-06,140007,40-44,White,Some College,Female,Not much,0
South,MS,MS-04,140008,45-49,White,Some College,Female,Not much,0
West,CA,CA-42,140010,45-49,Hispanic,HS or less,Male,Not much,0
South,MD,MD-04,140011,40-44,Hispanic,HS or less,Female,Some,0
Midwest,WI,WI-05,140012,55-59,White,HS or less,Male,A good deal,1
West,OR,OR-04,140013,30-34,White,HS or less,Female,Some,0
South,VA,VA-11,140014,40-44,Asian,Postgrad,Male,A good deal,1
Northeast,MA,MA-05,140017,55-59,White,BA/BS,Male,Some,0
Northeast,NH,NH-01,140018,55-59,White,BA/BS,Male,A good deal,1
West,NV,NV-01,140019,65-69,White,BA/BS,Female,Some,0
Northeast,PA,PA-15,140021,35-39,Hispanic,BA/BS,Male,Some,0
Northeast,NY,NY-10,140023,25-29,White,Postgrad,Male,Some,0
South,GA,GA-09,140026,75-79,White,BA/BS,Male,Some,0
South,NC,NC-03,140027,75-79,White,HS or less,Female,A good deal,1
South,VA,VA-11,140028,50-54,White,BA/BS,Male,Not much,0
Northeast,NY,NY-19,140029,70-74,White,Postgrad,Male,Some,0
West,AZ,AZ-02,140030,45-49,Hispanic,HS or less,Male,Some,0
West,CO,CO-05,140032,45-49,White,HS or less,Male,Not much,0
West,ID,ID-02,140033,50-54,White,Postgrad,Female,A good deal,1
Midwest,WI,WI-01,140034,70-74,White,BA/BS,Male,Some,0
Northeast,NY,NY-25,140035,60-64,White,Postgrad,Female,Some,0
Midwest,IL,IL-01,140037,75-79,Black,Some College,Female,Some,0
Midwest,OH,OH-03,140038,30-34,White,Postgrad,Female,A good deal,1
South,AR,AR-03,140039,75-79,White,Postgrad,Female,Some,0
South,GA,GA-11,140040,75-79,White,BA/BS,Male,Some,0
South,TX,TX-26,140041,40-44,White,BA/BS,Female,Some,0
West,NM,NM-01,140043,50-54,White,Postgrad,Male,Not much,0
Midwest,KS,KS-04,140044,55-59,White,BA/BS,Female,Some,0
Midwest,MN,MN-04,140048,40-44,White,BA/BS,Male,Some,0
West,CA,CA-31,140049,45-49,Asian,BA/BS,Female,A good deal,1
Midwest,MO,MO-02,140050,70-74,White,Postgrad,Male,A good deal,1
South,KY,KY-05,140053,65-69,Other,HS or less,Male,Not much,0
South,GA,GA-09,140055,65-69,White,Postgrad,Female,Some,0
Northeast,NY,NY-03,140056,50-54,White,Postgrad,Male,Some,0
Midwest,OH,OH-12,140057,50-54,White,HS or less,Male,Not much,0
South,TX,TX-17,140058,55-59,White,HS or less,Male,Some,0
West,MT,MT-02,140060,40-44,White,Postgrad,Female,Not much,0
South,LA,LA-02,140062,40-44,White,Postgrad,Female,Some,0
Northeast,NJ,NJ-05,140063,40-44,White,BA/BS,Male,Some,0
West,CA,CA-13,140065,50-54,White,Some College,Male,Some,0
West,CA,CA-49,140066,80 plus,White,Postgrad,Female,A good deal,1
West,CO,CO-02,140067,40-44,White,Postgrad,Female,A good deal,1
Midwest,IL,IL-13,140068,35-39,Black,Postgrad,Female,Not much,0
Midwest,MN,MN-07,140070,65-69,White,Some College,Female,Some,0
Northeast,PA,PA-16,140072,60-64,White,HS or less,Female,Some,0
Northeast,PA,PA-14,140073,40-44,White,Some College,Male,Some,0
South,FL,FL-21,140074,25-29,Black,BA/BS,Male,Some,0
Northeast,PA,PA-01,140076,80 plus,White,Postgrad,Male,A good deal,1
South,FL,FL-25,140077,70-74,White,Some College,Male,A good deal,1
South,TX,TX-29,140078,70-74,Hispanic,HS or less,Female,Some,0
South,OK,OK-03,140079,75-79,White,BA/BS,Male,Not much,0
South,DE,DE-00,140081,45-49,White,BA/BS,Female,Some,0
DC,DC,DC-98,140082,45-49,Black,Some College,Female,Some,0
Midwest,IN,IN-07,140083,45-49,White,BA/BS,Female,Some,0
West,NV,NV-03,140084,50-54,Hispanic,Some College,Female,A good deal,1
South,FL,FL-14,140085,40-44,White,Postgrad,Female,Some,0
South,WV,WV-02,140086,35-39,White,BA/BS,Female,Some,0
Northeast,MA,MA-04,140087,55-59,White,HS or less,Female,Not much,0
Midwest,OH,OH-01,140088,30-34,White,BA/BS,Female,Not much,0
South,VA,VA-03,140089,35-39,White,Postgrad,Female,Some,0
West,AZ,AZ-05,140090,25-29,White,Postgrad,Female,Some,0
Midwest,OH,OH-13,140092,75-79,White,HS or less,Male,Some,0
Midwest,MI,MI-01,140093,65-69,White,BA/BS,Male,Some,0
South,TX,TX-03,140094,80 plus,White,Postgrad,Female,Some,0
Northeast,MA,MA-06,140095,60-64,White,Some College,Male,Some,0
South,GA,GA-06,140096,50-54,Hispanic,Some College,Female,Some,0
South,SC,SC-01,140097,80 plus,White,BA/BS,Female,A good deal,1
West,WA,WA-06,140098,80 plus,White,Some College,Female,Not much,0
West,CA,CA-28,140101,45-49,White,Postgrad,Female,Some,0
West,ID,ID-02,140102,40-44,White,Some College,Female,Some,0
Midwest,IN,IN-05,140103,40-44,White,Some College,Male,Some,0
Northeast,PA,PA-04,140108,60-64,White,Some College,Female,Not much,0
West,CA,CA-48,140110,80 plus,Asian,Postgrad,Male,Not much,0
Midwest,OH,OH-06,140112,75-79,White,Some College,Male,Not much,0
Midwest,IL,IL-03,140113,60-64,White,Postgrad,Male,Not much,0
Northeast,MA,MA-06,140114,40-44,Hispanic,Postgrad,Female,Some,0
South,NC,NC-03,140115,65-69,Black,Some College,Female,A good deal,1
Northeast,NY,NY-16,140116,60-64,White,Postgrad,Male,Some,0
Northeast,PA,PA-02,140117,30-34,Black,Some College,Male,Some,0
West,CO,CO-01,140120,75-79,Hispanic,Some College,Male,Some,0
South,VA,VA-05,140122,55-59,Black,HS or less,Female,Some,0
South,TN,TN-04,140123,40-44,White,HS or less,Female,Some,0
West,OR,OR-05,140124,25-29,White,BA/BS,Female,A good deal,1
Midwest,WI,WI-06,140125,55-59,White,HS or less,Male,Some,0
West,AZ,AZ-06,140126,70-74,White,Postgrad,Female,Some,0
West,CA,CA-09,140127,25-29,Hispanic,Some College,Male,Some,0
Northeast,PA,PA-01,140128,70-74,Black,Postgrad,Male,Some,0
Midwest,MO,MO-05,140129,30-34,White,Some College,Male,Some,0
South,MD,MD-01,140131,65-69,White,BA/BS,Male,Not much,0
Northeast,NH,NH-01,140133,55-59,White,HS or less,Female,Not much,0
Midwest,OH,OH-01,140134,55-59,White,BA/BS,Male,Not much,0
West,AZ,AZ-06,140135,80 plus,White,Postgrad,Female,Not much,0
West,NV,NV-03,140136,75-79,White,Some College,Male,A good deal,1
Midwest,MN,MN-04,140139,65-69,White,Some College,Male,Some,0
Midwest,IL,IL-03,140140,55-59,White,Some College,Female,Not much,0
South,NC,NC-03,140141,30-34,Black,Postgrad,Female,Some,0
Northeast,NJ,NJ-10,140142,35-39,Black,Some College,Female,Some,0
Northeast,MA,MA-09,140144,40-44,White,Postgrad,Male,A good deal,1
Northeast,NY,NY-18,140145,50-54,Hispanic,Some College,Male,Some,0
Midwest,MI,MI-07,140146,40-44,White,Postgrad,Male,Some,0
South,FL,FL-01,140147,80 plus,White,Some College,Female,A good deal,1
South,SC,SC-03,140149,70-74,White,BA/BS,Male,Some,0
South,FL,FL-08,140150,55-59,White,BA/BS,Male,Some,0
Midwest,IL,IL-16,140151,65-69,White,Some College,Male,Some,0
South,TN,TN-08,140152,70-74,White,Postgrad,Female,Some,0
South,KY,KY-06,140155,65-69,White,HS or less,Male,Not much,0
Northeast,NY,NY-04,140156,50-54,White,Postgrad,Male,Not much,0
Midwest,KS,KS-02,140157,50-54,Black,HS or less,Female,Some,0
South,NC,NC-04,140158,70-74,Black,Some College,Female,A good deal,1
Northeast,CT,CT-04,140159,30-34,White,BA/BS,Male,Some,0
Midwest,MO,MO-04,140160,80 plus,White,HS or less,Male,Some,0
South,KY,KY-05,140161,60-64,White,Some College,Female,Some,0
South,VA,VA-05,140162,30-34,White,Some College,Male,Not much,0
Midwest,MO,MO-02,140163,75-79,White,Some College,Male,Some,0
South,NC,NC-12,140166,30-34,White,Postgrad,Male,A good deal,1
South,TX,TX-15,140167,25-29,Hispanic,BA/BS,Female,Some,0
Midwest,IL,IL-16,140168,75-79,White,Postgrad,Female,Some,0
West,AZ,AZ-01,140169,65-69,White,BA/BS,Male,Some,0
South,KY,KY-05,140171,60-64,White,HS or less,Male,Not much,0
South,AL,AL-04,140172,50-54,White,Some College,Male,Some,0
Northeast,NJ,NJ-08,140173,70-74,White,Postgrad,Female,Not much,0
South,TX,TX-11,140175,80 plus,White,Some College,Female,Some,0
South,MD,MD-05,140176,50-54,Black,BA/BS,Female,A good deal,1
Midwest,OH,OH-13,140177,50-54,Black,Some College,Female,Some,0
Northeast,PA,PA-08,140178,75-79,Hispanic,HS or less,Female,Some,0
West,CA,CA-21,140180,80 plus,White,Postgrad,Female,A good deal,1
West,CA,CA-37,140181,80 plus,Black,Postgrad,Female,A good deal,1
Midwest,OH,OH-04,140183,35-39,White,HS or less,Female,Not much,0
South,FL,FL-16,140187,25-29,White,Some College,Male,Not much,0
South,MD,MD-06,140188,65-69,White,Postgrad,Male,A good deal,1
DC,DC,DC-98,140189,60-64,White,Postgrad,Male,A good deal,1
South,TN,TN-02,140190,35-39,White,Postgrad,Female,Not much,0
West,CA,CA-16,140191,75-79,White,BA/BS,Female,A good deal,1
West,CA,CA-40,140192,75-79,White,Postgrad,Male,Some,0
South,FL,FL-06,140193,50-54,White,BA/BS,Male,A good deal,1
Midwest,KS,KS-03,140194,75-79,White,HS or less,Female,Some,0
South,TX,TX-21,140196,25-29,Hispanic,HS or less,Male,A good deal,1
South,TX,TX-09,140197,25-29,Hispanic,Some College,Male,Some,0
West,ID,ID-02,140199,50-54,White,BA/BS,Male,A good deal,1
South,FL,FL-07,140202,65-69,White,Some College,Male,Some,0
West,OR,OR-03,140203,75-79,White,Postgrad,Male,A good deal,1
Midwest,MN,MN-07,140204,60-64,White,BA/BS,Female,Some,0
Midwest,MI,MI-07,140205,45-49,White,BA/BS,Male,Some,0
West,CA,CA-40,140206,50-54,White,Some College,Female,Some,0
Midwest,MO,MO-07,140207,80 plus,White,HS or less,Female,Some,0
South,TX,TX-06,140208,65-69,Other,BA/BS,Female,Some,0
Midwest,WI,WI-06,140209,30-34,White,Some College,Male,Some,0
West,CA,CA-15,140210,25-29,White,BA/BS,Male,Some,0
Northeast,PA,PA-13,140212,65-69,White,Some College,Male,Some,0
Midwest,IN,IN-05,140214,35-39,White,BA/BS,Male,Not much,0
West,AZ,AZ-08,140215,25-29,Other,Some College,Female,Not much,0
South,AR,AR-02,140216,40-44,White,HS or less,Female,Some,0
Northeast,PA,PA-07,140217,55-59,White,HS or less,Male,Some,0
West,OR,OR-03,140218,35-39,White,BA/BS,Female,Not much,0
South,TX,TX-35,140219,60-64,Asian,Postgrad,Male,A good deal,1
South,VA,VA-03,140220,70-74,White,Some College,Male,A good deal,1
South,FL,FL-07,140221,70-74,White,HS or less,Male,A good deal,1
Northeast,CT,CT-01,140222,55-59,White,Postgrad,Female,Some,0
Midwest,MI,MI-04,140223,45-49,White,HS or less,Female,Some,0
South,VA,VA-01,140225,35-39,White,Some College,Male,Not much,0
South,VA,VA-10,140226,55-59,White,Some College,Male,Some,0
Northeast,NY,NY-24,140227,40-44,White,BA/BS,Female,A good deal,1
West,CA,CA-40,140228,60-64,White,Some College,Female,Not much,0
Midwest,NE,NE-01,140229,50-54,White,Some College,Female,Some,0
Northeast,NH,NH-01,140230,65-69,White,HS or less,Female,Some,0
West,NV,NV-03,140231,30-34,White,BA/BS,Male,Some,0
West,CA,CA-49,140233,80 plus,White,BA/BS,Female,A good deal,1
South,TN,TN-07,140234,35-39,White,HS or less,Female,Some,0
West,AZ,AZ-05,140235,50-54,White,Some College,Male,Some,0
Northeast,NY,NY-10,140236,65-69,White,BA/BS,Female,Some,0
South,FL,FL-19,140237,80 plus,White,BA/BS,Female,Some,0
Midwest,WI,WI-01,140238,60-64,White,Postgrad,Male,Not much,0
South,FL,FL-22,140239,50-54,Hispanic,HS or less,Female,A good deal,1
West,CA,CA-44,140241,40-44,Hispanic,Some College,Female,Some,0
South,TX,TX-27,140242,60-64,White,Some College,Female,Some,0
West,CA,CA-47,140243,65-69,White,Postgrad,Male,A good deal,1
West,WA,WA-03,140245,70-74,White,BA/BS,Male,A good deal,1
South,TX,TX-02,140249,70-74,White,Postgrad,Male,Some,0
West,CO,CO-01,140250,30-34,White,Some College,Female,Some,0
Northeast,NY,NY-05,140251,65-69,Black,HS or less,Male,A good deal,1
Northeast,PA,PA-08,140252,60-64,White,BA/BS,Female,Some,0
South,NC,NC-10,140253,70-74,White,Postgrad,Female,Some,0
West,CA,CA-15,140254,60-64,White,Postgrad,Female,Some,0
South,GA,GA-10,140255,50-54,White,BA/BS,Female,Some,0
West,CO,CO-05,140258,35-39,White,Some College,Female,Some,0
Midwest,MI,MI-01,140259,65-69,White,BA/BS,Female,Not much,0
West,CA,CA-49,140260,75-79,White,Some College,Female,A good deal,1
Midwest,IN,IN-04,140261,30-34,White,Some College,Male,Not much,0
South,KY,KY-05,140263,30-34,White,Postgrad,Male,Some,0
Midwest,IN,IN-07,140264,40-44,White,Some College,Male,A good deal,1
Midwest,OH,OH-06,140266,45-49,White,HS or less,Female,Not much,0
Northeast,PA,PA-15,140267,70-74,White,Some College,Female,A good deal,1
West,CA,CA-27,140268,60-64,White,BA/BS,Male,Some,0
Midwest,KS,KS-04,140269,70-74,White,BA/BS,Male,Some,0
South,FL,FL-17,140270,60-64,White,Postgrad,Female,Some,0
Midwest,IL,IL-04,140271,25-29,White,BA/BS,Male,Some,0
South,TX,TX-08,140273,30-34,Black,Postgrad,Female,Not much,0
South,AL,AL-03,140274,40-44,White,Some College,Male,Not much,0
South,TX,TX-08,140275,40-44,White,BA/BS,Female,Some,0
South,GA,GA-14,140276,45-49,White,BA/BS,Female,Some,0
South,TX,TX-02,140277,55-59,White,Postgrad,Male,Some,0
West,WA,WA-04,140278,65-69,White,Some College,Male,A good deal,1
South,FL,FL-21,140279,60-64,Black,Some College,Male,A good deal,1
Midwest,WI,WI-03,140280,60-64,White,BA/BS,Female,Some,0
Midwest,IN,IN-04,140281,55-59,Hispanic,Some College,Male,Not much,0
Midwest,MI,MI-07,140282,75-79,White,Some College,Female,A good deal,1
Midwest,MI,MI-13,140283,40-44,White,BA/BS,Female,A good deal,1
Northeast,PA,PA-12,140287,70-74,White,BA/BS,Male,A good deal,1
Midwest,MI,MI-06,140288,45-49,Black,Some College,Female,Not much,0
Northeast,NJ,NJ-04,140289,75-79,White,Some College,Male,Some,0
Northeast,NJ,NJ-03,140290,50-54,White,Postgrad,Female,Not much,0
Northeast,VT,VT-00,140291,60-64,White,Postgrad,Female,A good deal,1
South,KY,KY-06,140292,30-34,White,Postgrad,Female,A good deal,1
Midwest,MI,MI-08,140293,60-64,White,Some College,Female,Some,0
Midwest,WI,WI-06,140294,75-79,White,HS or less,Female,A good deal,1
South,FL,FL-04,140295,30-34,White,Postgrad,Female,A good deal,1
Midwest,IL,IL-09,140296,60-64,Hispanic,BA/BS,Male,A good deal,1
Midwest,OH,OH-05,140297,70-74,White,Some College,Male,Some,0
South,MD,MD-06,140299,40-44,Other,Postgrad,Male,Some,0
South,FL,FL-22,140300,45-49,White,BA/BS,Female,Not much,0
West,CA,CA-06,140301,55-59,White,BA/BS,Female,A good deal,1
West,WA,WA-02,140302,70-74,White,BA/BS,Female,Some,0
Northeast,NJ,NJ-07,140303,25-29,White,BA/BS,Male,Not much,0
West,AZ,AZ-06,140304,40-44,Other,BA/BS,Female,Some,0
Midwest,KS,KS-01,140305,65-69,White,Some College,Female,A good deal,1
South,MD,MD-05,140306,60-64,White,Postgrad,Female,Some,0
Midwest,NE,NE-03,140309,70-74,White,Some College,Female,A good deal,1
West,WA,WA-01,140310,70-74,White,Some College,Male,Some,0
West,AZ,AZ-06,140311,80 plus,White,BA/BS,Female,A good deal,1
Midwest,IN,IN-05,140312,65-69,White,Some College,Male,A good deal,1
Midwest,MI,MI-04,140313,40-44,White,HS or less,Female,Some,0
South,GA,GA-07,140315,80 plus,White,BA/BS,Male,A good deal,1
Northeast,NY,NY-19,140316,65-69,White,BA/BS,Female,Some,0
South,TX,TX-02,140317,65-69,White,BA/BS,Male,Some,0
South,NC,NC-05,140319,40-44,Other,Postgrad,Female,Not much,0
Northeast,PA,PA-16,140320,80 plus,White,BA/BS,Male,A good deal,1
Northeast,NY,NY-19,140322,65-69,White,Some College,Female,Some,0
Northeast,NH,NH-02,140323,50-54,White,BA/BS,Male,Some,0
Midwest,IN,IN-04,140324,40-44,White,Postgrad,Female,Some,0
Midwest,IN,IN-03,140329,80 plus,White,HS or less,Female,Some,0
Northeast,MA,MA-08,140330,35-39,Black,Postgrad,Female,Not much,0
South,NC,NC-08,140331,45-49,White,Some College,Female,Some,0
South,FL,FL-11,140332,80 plus,White,HS or less,Male,Some,0
Northeast,NJ,NJ-12,140334,60-64,White,Postgrad,Female,Some,0
South,MD,MD-01,140335,70-74,White,HS or less,Male,Not much,0
West,AZ,AZ-04,140336,75-79,White,BA/BS,Male,A good deal,1
West,AZ,AZ-01,140337,70-74,White,BA/BS,Female,Some,0
South,FL,FL-25,140339,45-49,White,BA/BS,Male,A good deal,1
West,CA,CA-24,140343,18-24,Hispanic,HS or less,Female,Not much,0
Midwest,MN,MN-03,140344,65-69,White,BA/BS,Female,A good deal,1
Midwest,KS,KS-01,140345,35-39,White,Postgrad,Female,Some,0
South,NC,NC-06,140347,45-49,White,Postgrad,Male,A good deal,1
South,FL,FL-03,140348,70-74,White,Some College,Female,A good deal,1
Northeast,PA,PA-09,140349,30-34,White,Some College,Male,Some,0
Midwest,IL,IL-03,140350,50-54,White,Some College,Female,Some,0
West,CO,CO-07,140351,75-79,White,Some College,Female,Some,0
South,SC,SC-02,140352,75-79,White,Some College,Female,Some,0
West,NM,NM-03,140353,60-64,White,Some College,Male,Some,0
South,FL,FL-14,140354,35-39,White,BA/BS,Male,A good deal,1
West,CO,CO-08,140356,50-54,White,BA/BS,Male,A good deal,1
Northeast,PA,PA-15,140357,60-64,White,HS or less,Male,Some,0
South,FL,FL-14,140359,60-64,White,Some College,Female,A good deal,1
Midwest,OH,OH-08,140360,25-29,White,BA/BS,Male,Not much,0
Midwest,IN,IN-09,140362,40-44,White,HS or less,Male,A good deal,1
South,OK,OK-05,140365,30-34,White,Postgrad,Male,Some,0
Northeast,MA,MA-05,140366,70-74,White,Postgrad,Male,A good deal,1
South,TX,TX-26,140367,75-79,White,Some College,Male,A good deal,1
South,AL,AL-01,140370,30-34,White,HS or less,Female,Not much,0
Midwest,KS,KS-04,140371,80 plus,White,Some College,Female,A good deal,1
South,MD,MD-05,140372,80 plus,White,Postgrad,Female,Not much,0
Midwest,MI,MI-09,140373,35-39,White,Some College,Male,Not much,0
West,WA,WA-07,140374,25-29,Hispanic,BA/BS,Male,Some,0
Midwest,IL,IL-11,140376,55-59,Black,Postgrad,Female,Not much,0
Northeast,NY,NY-09,140377,40-44,Asian,Postgrad,Female,A good deal,1
Midwest,IL,IL-06,140378,35-39,Asian,Postgrad,Male,Some,0
Midwest,MN,MN-06,140379,80 plus,White,HS or less,Female,Some,0
Midwest,OH,OH-08,140381,65-69,White,BA/BS,Male,Not much,0
West,AZ,AZ-05,140384,70-74,White,Some College,Female,Some,0
South,AL,AL-06,140386,35-39,White,BA/BS,Male,Some,0
Northeast,PA,PA-15,140388,70-74,White,BA/BS,Female,Some,0
South,FL,FL-10,140389,25-29,Hispanic,Some College,Male,Some,0
Northeast,NJ,NJ-02,140390,45-49,Other,Some College,Female,A good deal,1
South,FL,FL-10,140391,55-59,White,BA/BS,Female,A good deal,1
Northeast,PA,PA-12,140392,70-74,White,HS or less,Female,A good deal,1
Midwest,IL,IL-08,140394,50-54,Asian,Some College,Male,Some,0
South,FL,FL-08,140396,65-69,White,BA/BS,Male,Some,0
South,SC,SC-05,140398,35-39,White,Some College,Male,A good deal,1
Midwest,MI,MI-04,140399,45-49,White,Postgrad,Female,Some,0
Northeast,NH,NH-02,140400,40-44,White,BA/BS,Male,A good deal,1
South,TX,TX-35,140401,45-49,Hispanic,HS or less,Female,A good deal,1
Northeast,PA,PA-10,140403,30-34,White,Postgrad,Female,Not much,0
Northeast,CT,CT-03,140404,70-74,Black,BA/BS,Female,Some,0
West,ID,ID-01,140405,70-74,Other,Some College,Female,Some,0
West,MT,MT-01,140407,50-54,White,Some College,Female,Not much,0
South,AR,AR-03,140408,30-34,White,BA/BS,Female,Some,0
Midwest,WI,WI-07,140409,70-74,Asian,BA/BS,Female,A good deal,1
South,TX,TX-38,140410,65-69,White,BA/BS,Male,A good deal,1
Midwest,IN,IN-03,140411,60-64,White,Postgrad,Female,Not much,0
Midwest,IN,IN-03,140412,75-79,White,Some College,Female,A good deal,1
South,FL,FL-16,140413,40-44,Hispanic,BA/BS,Female,Some,0
Northeast,PA,PA-16,140414,70-74,White,HS or less,Male,Some,0
South,TN,TN-02,140415,70-74,White,BA/BS,Female,Not much,0
South,AL,AL-05,140417,45-49,White,Some College,Female,Not much,0
Northeast,NY,NY-11,140419,60-64,Black,HS or less,Female,Some,0
Midwest,KS,KS-04,140420,75-79,White,HS or less,Male,A good deal,1
South,FL,FL-02,140421,40-44,Black,HS or less,Female,Some,0
South,TX,TX-20,140423,65-69,Hispanic,Some College,Female,Some,0
South,TX,TX-04,140425,55-59,White,Some College,Female,Some,0
Midwest,OH,OH-05,140426,75-79,White,Some College,Female,A good deal,1
West,ID,ID-01,140427,40-44,White,BA/BS,Female,Some,0
Northeast,ME,ME-02,140429,35-39,White,HS or less,Female,Not much,0
Midwest,KS,KS-01,140430,70-74,White,BA/BS,Female,Some,0
West,ID,ID-01,140431,50-54,White,Postgrad,Female,A good deal,1
West,WA,WA-03,140432,45-49,White,Some College,Female,A good deal,1
South,MD,MD-06,140434,70-74,White,Some College,Male,Some,0
Northeast,NY,NY-24,140437,35-39,White,BA/BS,Male,Not much,0
Midwest,WI,WI-07,140439,50-54,White,Some College,Female,Some,0
West,CA,CA-05,140441,25-29,Hispanic,Some College,Female,A good deal,1
South,TX,TX-27,140444,35-39,White,Some College,Female,Some,0
Midwest,MI,MI-04,140445,50-54,White,BA/BS,Male,Some,0
Midwest,KS,KS-04,140446,40-44,Black,Some College,Female,Not much,0
South,FL,FL-16,140447,70-74,Asian,HS or less,Female,A good deal,1
South,TX,TX-07,140450,30-34,Black,Postgrad,Male,Some,0
Northeast,NH,NH-01,140451,80 plus,White,BA/BS,Male,Some,0
Midwest,IL,IL-16,140452,80 plus,White,Postgrad,Male,Some,0
West,WA,WA-10,140454,75-79,White,Some College,Female,Some,0
Northeast,NY,NY-01,140455,75-79,White,HS or less,Female,A good deal,1
South,GA,GA-11,140456,40-44,White,Postgrad,Male,Not much,0
West,CO,CO-01,140457,35-39,White,Postgrad,Male,Not much,0
South,OK,OK-04,140460,45-49,White,HS or less,Male,Not much,0
South,GA,GA-03,140461,50-54,White,Some College,Male,A good deal,1
South,MD,MD-01,140462,50-54,Other,Some College,Female,Not much,0
South,WV,WV-01,140463,35-39,White,Some College,Female,Some,0
South,AL,AL-01,140464,65-69,White,BA/BS,Male,Some,0
West,OR,OR-04,140465,65-69,White,Postgrad,Female,Some,0
West,AZ,AZ-01,140466,60-64,White,HS or less,Male,Not much,0
South,TX,TX-21,140467,65-69,White,Postgrad,Male,Some,0
Midwest,KS,KS-04,140468,75-79,White,HS or less,Male,Some,0
South,TN,TN-02,140470,65-69,Other,Postgrad,Female,Some,0
West,AZ,AZ-04,140471,45-49,Hispanic,Some College,Male,Some,0
South,TN,TN-04,140472,55-59,White,Some College,Male,Some,0
West,CO,CO-08,140474,70-74,Hispanic,Some College,Female,A good deal,1
South,GA,GA-09,140475,75-79,White,Postgrad,Male,A good deal,1
West,CA,CA-52,140477,65-69,Hispanic,Some College,Male,A good deal,1
South,GA,GA-09,140478,75-79,White,Some College,Male,Some,0
South,OK,OK-05,140479,40-44,Other,BA/BS,Female,A good deal,1
South,TX,TX-01,140480,25-29,White,HS or less,Female,Some,0
Midwest,OH,OH-01,140481,70-74,Black,Some College,Female,Some,0
South,TX,TX-28,140482,50-54,White,BA/BS,Male,Some,0
West,AZ,AZ-01,140483,40-44,Asian,Postgrad,Female,A good deal,1
Midwest,IA,IA-01,140484,75-79,White,Some College,Male,Some,0
Midwest,KS,KS-04,140485,65-69,White,HS or less,Male,Not much,0
South,TN,TN-07,140486,35-39,White,Some College,Female,Some,0
West,CA,CA-24,140487,55-59,White,Postgrad,Female,Some,0
Midwest,WI,WI-03,140488,40-44,White,BA/BS,Female,Some,0
Northeast,MA,MA-06,140491,35-39,White,Postgrad,Male,Not much,0
South,TX,TX-24,140492,60-64,White,BA/BS,Female,A good deal,1
South,GA,GA-02,140493,75-79,White,HS or less,Female,Some,0
Northeast,NY,NY-25,140494,55-59,White,HS or less,Female,Not much,0
South,SC,SC-02,140495,55-59,White,Postgrad,Male,Not much,0
West,CA,CA-27,140496,35-39,White,Postgrad,Male,Some,0
West,NM,NM-01,140497,70-74,White,BA/BS,Female,A good deal,1
Northeast,MA,MA-05,140498,55-59,Asian,Postgrad,Male,A good deal,1
Northeast,MA,MA-09,140500,70-74,White,Some College,Female,A good deal,1
Midwest,MN,MN-04,140501,50-54,White,Some College,Male,Not much,0
Northeast,MA,MA-08,140502,60-64,White,BA/BS,Male,Some,0
South,MD,MD-02,140503,35-39,Black,HS or less,Female,Some,0
West,CA,CA-14,140504,60-64,Asian,Some College,Female,Some,0
South,FL,FL-19,140505,80 plus,White,Some College,Female,A good deal,1
Midwest,MI,MI-02,140506,45-49,Hispanic,Some College,Male,A good deal,1
South,GA,GA-02,140508,40-44,White,Postgrad,Male,Some,0
Northeast,CT,CT-02,140510,40-44,White,BA/BS,Male,Some,0
Midwest,MO,MO-03,140511,40-44,White,BA/BS,Female,Not much,0
Northeast,NY,NY-16,140514,75-79,White,Postgrad,Female,A good deal,1
Northeast,NY,NY-01,140520,40-44,Hispanic,Postgrad,Male,Some,0
South,TN,TN-06,140521,80 plus,White,Some College,Female,A good deal,1
South,FL,FL-21,140524,70-74,White,BA/BS,Male,Some,0
South,NC,NC-01,140525,45-49,Black,Some College,Female,A good deal,1
Northeast,PA,PA-12,140526,35-39,White,BA/BS,Female,A good deal,1
Midwest,IL,IL-13,140527,75-79,White,Postgrad,Male,Some,0
West,CO,CO-07,140529,70-74,White,Some College,Male,Some,0
Northeast,NJ,NJ-02,140530,40-44,White,Postgrad,Female,Not much,0
Northeast,NJ,NJ-06,140531,60-64,White,Postgrad,Male,Some,0
Midwest,IN,IN-02,140532,65-69,White,Some College,Male,Some,0
South,TX,TX-35,140533,35-39,Hispanic,HS or less,Male,Not much,0
West,CA,CA-18,140534,40-44,White,Postgrad,Female,Some,0
Northeast,NY,NY-08,140535,45-49,Hispanic,HS or less,Male,Not much,0
Midwest,IA,IA-01,140536,55-59,White,Postgrad,Female,Some,0
West,CA,CA-10,140539,80 plus,White,Some College,Female,Some,0
Northeast,MA,MA-08,140540,70-74,White,Postgrad,Male,Some,0
Midwest,IL,IL-04,140541,30-34,White,HS or less,Female,Not much,0
DC,DC,DC-98,140542,30-34,Hispanic,Postgrad,Female,Some,0
West,CA,CA-19,140545,70-74,White,BA/BS,Male,Some,0
Northeast,NY,NY-11,140547,45-49,Asian,Some College,Female,A good deal,1
Northeast,NY,NY-20,140548,35-39,White,Postgrad,Female,Some,0
South,MD,MD-07,140549,25-29,White,Postgrad,Male,Some,0
West,WA,WA-06,140550,50-54,White,Postgrad,Female,Some,0
Northeast,NJ,NJ-10,140551,45-49,Black,HS or less,Male,Some,0
Midwest,MI,MI-02,140552,30-34,White,Postgrad,Female,Not much,0
South,NC,NC-10,140553,50-54,White,Postgrad,Male,Some,0
Midwest,MI,MI-04,140554,50-54,White,Postgrad,Male,Some,0
West,CA,CA-52,140555,60-64,Black,Some College,Male,Some,0
South,SC,SC-03,140557,80 plus,White,Some College,Male,Some,0
South,MD,MD-06,140558,65-69,White,Some College,Female,A good deal,1
South,TN,TN-02,140559,40-44,Hispanic,BA/BS,Male,Some,0
Midwest,IL,IL-09,140560,30-34,Asian,BA/BS,Male,Some,0
South,KY,KY-01,140561,70-74,White,Some College,Male,Some,0
Midwest,MO,MO-07,140562,45-49,White,Postgrad,Female,Some,0
South,MD,MD-06,140564,60-64,White,HS or less,Male,Not much,0
South,TX,TX-27,140565,80 plus,White,Some College,Male,Not much,0
Midwest,OH,OH-04,140566,80 plus,White,Some College,Female,Not much,0
South,VA,VA-11,140567,40-44,White,Postgrad,Male,Not much,0
Midwest,MI,MI-04,140568,75-79,White,Some College,Female,A good deal,1
South,GA,GA-08,140569,55-59,Black,Some College,Female,A good deal,1
South,KY,KY-04,140570,50-54,White,Postgrad,Female,A good deal,1
West,ID,ID-02,140571,45-49,White,Some College,Female,Some,0
West,WA,WA-06,140573,35-39,White,HS or less,Female,Not much,0
Northeast,NY,NY-25,140574,40-44,Hispanic,Some College,Male,Some,0
Northeast,NJ,NJ-06,140575,60-64,White,Some College,Female,Some,0
West,CA,CA-42,140576,45-49,White,Some College,Male,Some,0
South,TX,TX-16,140577,80 plus,Hispanic,HS or less,Female,Some,0
Midwest,MI,MI-01,140578,25-29,White,Some College,Female,Not much,0
West,NV,NV-02,140580,75-79,White,BA/BS,Male,A good deal,1
Northeast,NJ,NJ-02,140581,70-74,White,HS or less,Female,A good deal,1
South,FL,FL-01,140582,30-34,White,Some College,Male,A good deal,1
West,CO,CO-04,140583,50-54,Hispanic,Some College,Female,A good deal,1
Northeast,NY,NY-12,140585,50-54,White,Postgrad,Female,A good deal,1
Midwest,OH,OH-01,140586,60-64,Black,HS or less,Male,A good deal,1
Midwest,MN,MN-03,140587,80 plus,White,BA/BS,Female,A good deal,1
Midwest,OH,OH-05,140588,70-74,White,Some College,Female,A good deal,1
West,CA,CA-49,140589,45-49,Hispanic,Some College,Female,Some,0
Midwest,IL,IL-12,140590,55-59,White,Some College,Female,A good deal,1
Midwest,IN,IN-09,140591,65-69,White,Postgrad,Male,Some,0
Northeast,MA,MA-01,140593,60-64,White,Some College,Female,Some,0
South,GA,GA-04,140594,35-39,Black,Some College,Female,A good deal,1
Midwest,OH,OH-13,140596,70-74,White,BA/BS,Female,A good deal,1
Midwest,IL,IL-14,140597,70-74,White,BA/BS,Female,Some,0
South,DE,DE-00,140598,50-54,Hispanic,HS or less,Female,Some,0
Midwest,NE,NE-02,140599,35-39,Black,Some College,Female,Some,0
Midwest,WI,WI-05,140601,40-44,White,Postgrad,Female,Some,0
Midwest,IN,IN-08,140606,55-59,White,Some College,Female,Some,0
West,OR,OR-03,140607,60-64,Other,Postgrad,Female,A good deal,1
West,CA,CA-45,140609,50-54,Other,Some College,Female,A good deal,1
South,FL,FL-19,140611,80 plus,White,BA/BS,Male,A good deal,1
West,WA,WA-07,140612,35-39,White,Postgrad,Female,Some,0
Midwest,IL,IL-08,140614,45-49,White,Some College,Male,Some,0
South,TX,TX-20,140617,25-29,Hispanic,Some College,Male,Some,0
South,NC,NC-03,140618,60-64,White,BA/BS,Male,Some,0
Northeast,NY,NY-24,140619,30-34,White,BA/BS,Male,Not much,0
West,WA,WA-03,140620,70-74,White,Some College,Female,Not much,0
South,OK,OK-02,140621,40-44,White,Some College,Male,Not much,0
South,AL,AL-01,140622,40-44,White,Some College,Male,Not much,0
South,GA,GA-01,140623,65-69,White,HS or less,Female,Some,0
Midwest,IL,IL-03,140624,55-59,White,Postgrad,Female,Some,0
South,AR,AR-01,140625,65-69,White,HS or less,Male,A good deal,1
Midwest,IA,IA-02,140626,40-44,Hispanic,HS or less,Male,Not much,0
Northeast,NY,NY-23,140627,80 plus,White,Postgrad,Female,Some,0
West,CA,CA-51,140629,55-59,Hispanic,Postgrad,Male,Some,0
Midwest,OH,OH-05,140630,50-54,Other,Some College,Male,Some,0
South,NC,NC-07,140631,30-34,White,BA/BS,Male,A good deal,1
Midwest,IL,IL-11,140632,30-34,Asian,BA/BS,Male,Some,0
West,NM,NM-03,140634,65-69,White,Postgrad,Female,A good deal,1
South,MS,MS-04,140635,70-74,Black,Some College,Male,A good deal,1
West,CO,CO-06,140636,35-39,White,Some College,Female,Some,0
South,TX,TX-30,140637,80 plus,White,HS or less,Male,Some,0
Midwest,WI,WI-05,140638,60-64,White,Some College,Male,A good deal,1
Midwest,IN,IN-01,140639,75-79,White,BA/BS,Female,Some,0
Midwest,WI,WI-06,140644,55-59,White,Some College,Male,Some,0
South,VA,VA-11,140646,45-49,Black,Some College,Male,A good deal,1
Midwest,IL,IL-10,140647,55-59,White,BA/BS,Female,Some,0
South,SC,SC-02,140648,70-74,Black,BA/BS,Male,Some,0
South,AR,AR-01,140649,40-44,White,Postgrad,Female,A good deal,1
South,NC,NC-04,140650,65-69,White,Postgrad,Female,Some,0
South,FL,FL-27,140651,75-79,Hispanic,Some College,Male,Not much,0
South,VA,VA-06,140653,70-74,White,BA/BS,Male,Some,0
Midwest,KS,KS-03,140654,60-64,White,Some College,Female,Some,0
Northeast,MA,MA-08,140656,55-59,Hispanic,HS or less,Male,Some,0
Midwest,IL,IL-17,140657,70-74,White,Some College,Female,Not much,0
West,CO,CO-04,140658,40-44,White,Some College,Female,Some,0
South,TX,TX-22,140660,75-79,Asian,BA/BS,Male,Some,0
South,AL,AL-03,140661,30-34,White,Some College,Female,Some,0
Northeast,PA,PA-03,140662,40-44,Black,Postgrad,Female,Some,0
Midwest,WI,WI-08,140663,60-64,Other,Postgrad,Male,A good deal,1
South,GA,GA-06,140664,60-64,Black,HS or less,Female,A good deal,1
West,CA,CA-14,140666,40-44,Asian,BA/BS,Female,Some,0
Northeast,NY,NY-06,140667,50-54,Asian,Postgrad,Male,Not much,0
Midwest,MO,MO-07,140668,30-34,White,Some College,Female,Some,0
West,CA,CA-09,140669,35-39,Asian,Postgrad,Female,Some,0
South,FL,FL-12,140670,45-49,White,HS or less,Female,A good deal,1
West,AZ,AZ-06,140672,80 plus,Hispanic,Some College,Female,A good deal,1
West,CA,CA-19,140673,80 plus,Hispanic,BA/BS,Female,A good deal,1
Midwest,KS,KS-01,140674,45-49,White,Some College,Female,A good deal,1
Northeast,PA,PA-16,140675,60-64,White,BA/BS,Male,Some,0
South,MD,MD-06,140676,50-54,Black,BA/BS,Male,Not much,0
Midwest,OH,OH-07,140677,35-39,White,Some College,Male,Some,0
West,CA,CA-02,140678,70-74,White,BA/BS,Female,A good deal,1
South,TN,TN-02,140679,80 plus,White,Some College,Female,Some,0
Northeast,PA,PA-08,140680,45-49,White,HS or less,Female,Some,0
Midwest,NE,NE-03,140682,70-74,White,HS or less,Female,Not much,0
South,FL,FL-01,140683,80 plus,White,HS or less,Male,Some,0
South,VA,VA-07,140685,75-79,White,Postgrad,Female,Some,0
South,VA,VA-04,140686,60-64,White,Some College,Male,Some,0
Northeast,PA,PA-15,140688,70-74,White,Some College,Male,Some,0
West,CA,CA-01,140689,60-64,White,BA/BS,Female,A good deal,1
Northeast,MA,MA-02,140690,60-64,White,Some College,Female,Some,0
Midwest,MN,MN-08,140692,65-69,White,Some College,Female,Some,0
South,TX,TX-10,140694,65-69,White,Some College,Male,Some,0
West,OR,OR-02,140696,75-79,White,BA/BS,Female,Some,0
South,GA,GA-10,140697,55-59,White,BA/BS,Male,Some,0
Midwest,IN,IN-07,140698,35-39,White,HS or less,Male,Not much,0
Northeast,PA,PA-10,140699,65-69,White,HS or less,Male,A good deal,1
West,CA,CA-27,140700,25-29,Hispanic,Some College,Female,Some,0
Northeast,PA,PA-17,140701,60-64,White,Some College,Male,A good deal,1
South,WV,WV-02,140702,50-54,White,Some College,Female,Some,0
Northeast,NY,NY-19,140703,65-69,Other,Postgrad,Male,A good deal,1
South,MD,MD-05,140704,65-69,White,BA/BS,Male,Some,0
South,FL,FL-25,140706,45-49,Black,Some College,Female,Some,0
Midwest,IN,IN-05,140707,70-74,White,Some College,Female,Some,0
South,VA,VA-09,140708,80 plus,White,Some College,Female,A good deal,1
West,CA,CA-32,140709,25-29,Hispanic,Some College,Female,Some,0
South,TX,TX-30,140710,45-49,White,Some College,Male,Not much,0
South,FL,FL-10,140712,35-39,Black,Some College,Female,Not much,0
South,FL,FL-16,140713,75-79,White,BA/BS,Male,A good deal,1
Northeast,CT,CT-04,140716,50-54,White,Postgrad,Male,Some,0
Midwest,MI,MI-07,140717,55-59,White,Some College,Female,A good deal,1
West,CO,CO-02,140718,30-34,White,BA/BS,Female,Some,0
Northeast,NY,NY-23,140720,80 plus,White,Some College,Male,Some,0
Midwest,IL,IL-05,140721,40-44,White,BA/BS,Male,Some,0
South,TN,TN-02,140724,30-34,White,BA/BS,Female,Some,0
South,LA,LA-06,140726,35-39,White,HS or less,Male,Some,0
Northeast,NY,NY-17,140727,60-64,White,Postgrad,Male,Some,0
West,CA,CA-31,140728,75-79,White,Some College,Male,Not much,0
Midwest,ND,ND-00,140729,70-74,White,Postgrad,Male,A good deal,1
Midwest,KS,KS-01,140730,50-54,White,HS or less,Female,Some,0
West,CA,CA-32,140731,60-64,White,Postgrad,Male,A good deal,1
Northeast,NY,NY-18,140732,65-69,White,Postgrad,Female,A good deal,1
West,CO,CO-01,140734,40-44,White,Postgrad,Female,Some,0
Northeast,MA,MA-01,140736,75-79,White,HS or less,Female,Some,0
South,GA,GA-11,140740,35-39,Hispanic,Some College,Female,Some,0
South,SC,SC-06,140741,50-54,White,Some College,Male,Some,0
South,DE,DE-00,140743,65-69,White,Postgrad,Female,A good deal,1
Midwest,IL,IL-17,140744,35-39,White,BA/BS,Female,Some,0
Northeast,NY,NY-09,140745,45-49,White,BA/BS,Female,Some,0
South,VA,VA-10,140746,35-39,White,Postgrad,Female,Some,0
Midwest,WI,WI-02,140748,35-39,White,BA/BS,Female,Some,0
Northeast,NY,NY-12,140749,60-64,White,BA/BS,Male,Some,0
South,KY,KY-02,140751,35-39,White,BA/BS,Female,Not much,0
West,NV,NV-02,140752,45-49,White,Some College,Male,Some,0
South,TX,TX-21,140755,25-29,White,BA/BS,Male,A good deal,1
Midwest,OH,OH-03,140756,35-39,White,BA/BS,Female,Some,0
West,CA,CA-36,140757,45-49,White,Postgrad,Female,A good deal,1
South,TX,TX-23,140759,40-44,Hispanic,Some College,Female,Some,0
Midwest,MI,MI-03,140760,80 plus,White,BA/BS,Female,Some,0
South,VA,VA-01,140761,70-74,White,Postgrad,Male,Some,0
South,TX,TX-11,140762,65-69,White,BA/BS,Female,Some,0
Northeast,PA,PA-09,140767,60-64,White,HS or less,Female,Some,0
South,TX,TX-08,140769,45-49,Hispanic,HS or less,Female,Not much,0
South,NC,NC-08,140770,40-44,Hispanic,BA/BS,Male,Some,0
Midwest,MN,MN-02,140771,75-79,White,Some College,Male,A good deal,1
West,OR,OR-04,140772,75-79,White,Postgrad,Female,A good deal,1
South,MD,MD-01,140773,65-69,White,Some College,Male,A good deal,1
Midwest,OH,OH-13,140774,75-79,White,BA/BS,Male,A good deal,1
Northeast,NY,NY-23,140775,35-39,White,Postgrad,Male,Some,0
Midwest,IA,IA-04,140779,45-49,White,BA/BS,Female,Some,0
Northeast,PA,PA-14,140780,70-74,White,Some College,Female,Some,0
Northeast,NY,NY-14,140782,70-74,White,HS or less,Male,A good deal,1
Midwest,IL,IL-16,140784,70-74,White,HS or less,Male,A good deal,1
West,ID,ID-02,140785,60-64,White,Postgrad,Female,A good deal,1
West,ID,ID-01,140786,30-34,White,Some College,Male,Not much,0
South,MS,MS-03,140788,45-49,White,Postgrad,Female,Not much,0
Midwest,IL,IL-02,140789,35-39,Black,Some College,Female,Not much,0
Midwest,IL,IL-15,140790,35-39,White,BA/BS,Female,Not much,0
South,TX,TX-31,140791,55-59,White,BA/BS,Female,Some,0
Northeast,NY,NY-20,140792,55-59,White,BA/BS,Male,Some,0
Northeast,MA,MA-09,140793,25-29,White,HS or less,Female,Some,0
West,CA,CA-01,140796,75-79,White,Postgrad,Female,Some,0
South,AL,AL-07,140797,80 plus,Black,HS or less,Female,A good deal,1
Northeast,CT,CT-03,140799,65-69,Hispanic,HS or less,Female,Not much,0
South,SC,SC-05,140800,55-59,Black,BA/BS,Male,Some,0
West,ID,ID-01,140802,40-44,White,BA/BS,Female,Some,0
West,AZ,AZ-05,140803,40-44,Hispanic,Postgrad,Female,A good deal,1
South,GA,GA-09,140804,50-54,White,BA/BS,Female,Some,0
Midwest,ND,ND-00,140805,35-39,White,Some College,Male,Some,0
Northeast,CT,CT-01,140806,60-64,White,Some College,Male,Some,0
West,CO,CO-07,140809,60-64,White,Some College,Male,Not much,0
Midwest,ND,ND-00,140810,30-34,Hispanic,HS or less,Female,Some,0
Midwest,MI,MI-03,140811,40-44,White,Some College,Male,Some,0
South,LA,LA-01,140812,65-69,White,Some College,Female,Some,0
South,TN,TN-07,140813,80 plus,White,HS or less,Male,Not much,0
West,CA,CA-40,140814,70-74,White,Some College,Female,Some,0
Northeast,MA,MA-01,140815,40-44,Hispanic,HS or less,Female,Not much,0
Midwest,NE,NE-03,140817,55-59,White,BA/BS,Male,Not much,0
West,AZ,AZ-09,140818,60-64,White,HS or less,Male,Some,0
South,TN,TN-05,140820,75-79,White,Postgrad,Male,Not much,0
South,FL,FL-08,140821,60-64,White,BA/BS,Female,Some,0
West,CA,CA-30,140822,40-44,White,BA/BS,Female,Some,0
Midwest,MI,MI-09,140823,35-39,White,HS or less,Male,A good deal,1
Midwest,MN,MN-04,140824,70-74,White,Some College,Male,Not much,0
Midwest,MI,MI-11,140825,65-69,White,Some College,Female,Some,0
West,NV,NV-02,140826,75-79,Hispanic,Some College,Male,Not much,0
Midwest,IL,IL-02,140827,35-39,White,BA/BS,Female,A good deal,1
Northeast,NY,NY-20,140828,30-34,Hispanic,Postgrad,Female,A good deal,1
Midwest,MI,MI-08,140829,50-54,White,Some College,Male,Some,0
South,TN,TN-06,140830,35-39,White,BA/BS,Female,Some,0
South,AL,AL-03,140831,70-74,White,HS or less,Female,Not much,0
West,NM,NM-01,140832,45-49,Hispanic,Some College,Female,Some,0
Midwest,IL,IL-11,140833,25-29,White,BA/BS,Female,Some,0
West,WA,WA-05,140834,35-39,Other,Some College,Male,Some,0
Midwest,IN,IN-07,140835,40-44,Black,Some College,Female,Some,0
Midwest,OH,OH-14,140836,65-69,White,BA/BS,Male,Some,0
West,CA,CA-25,140837,55-59,Hispanic,HS or less,Male,Some,0
South,KY,KY-05,140838,65-69,White,HS or less,Female,Some,0
Midwest,IL,IL-10,140839,65-69,White,HS or less,Female,Some,0
Northeast,VT,VT-00,140840,60-64,Black,HS or less,Male,A good deal,1
South,FL,FL-24,140842,50-54,White,BA/BS,Male,Some,0
Midwest,WI,WI-02,140843,70-74,White,Some College,Female,A good deal,1
South,AR,AR-03,140845,30-34,Other,BA/BS,Male,A good deal,1
Midwest,MO,MO-03,140846,65-69,White,Some College,Male,Some,0
South,AL,AL-01,140847,70-74,Black,HS or less,Male,Some,0
South,MS,MS-04,140848,65-69,Black,BA/BS,Female,Some,0
Northeast,PA,PA-04,140849,45-49,White,Some College,Male,Some,0
South,AL,AL-06,140850,70-74,White,BA/BS,Male,A good deal,1
West,CO,CO-02,140851,60-64,White,BA/BS,Male,A good deal,1
South,AR,AR-03,140853,80 plus,White,BA/BS,Male,A good deal,1
West,WA,WA-03,140854,55-59,White,Postgrad,Male,Some,0
Northeast,PA,PA-04,140855,75-79,White,BA/BS,Female,A good deal,1
South,FL,FL-17,140857,55-59,White,HS or less,Male,Some,0
Northeast,NY,NY-25,140859,30-34,White,Some College,Male,Not much,0
South,FL,FL-13,140861,80 plus,White,BA/BS,Male,Some,0
South,TX,TX-30,140864,70-74,Black,HS or less,Female,A good deal,1
South,FL,FL-11,140865,55-59,White,Some College,Female,Not much,0
West,CA,CA-47,140866,55-59,White,BA/BS,Male,A good deal,1
West,ID,ID-02,140867,55-59,White,Postgrad,Male,Some,0
Midwest,MN,MN-02,140870,60-64,White,HS or less,Male,Some,0
Midwest,MN,MN-02,140871,45-49,White,Postgrad,Male,Some,0
South,NC,NC-13,140872,40-44,White,BA/BS,Male,Not much,0
Midwest,SD,SD-00,140873,80 plus,White,HS or less,Female,Some,0
Northeast,CT,CT-05,140874,65-69,White,Some College,Male,Some,0
West,AZ,AZ-06,140875,80 plus,White,Some College,Female,A good deal,1
West,CA,CA-32,140876,40-44,Hispanic,Some College,Female,A good deal,1
South,TX,TX-14,140877,40-44,Hispanic,Some College,Male,Some,0
South,VA,VA-09,140878,65-69,White,BA/BS,Female,Some,0
Midwest,MN,MN-06,140880,75-79,White,Some College,Female,A good deal,1
Midwest,WI,WI-06,140881,65-69,White,Some College,Female,A good deal,1
Midwest,MI,MI-05,140882,65-69,White,Some College,Female,A good deal,1
South,MD,MD-01,140883,30-34,White,HS or less,Male,Not much,0
Midwest,KS,KS-04,140884,65-69,White,Postgrad,Female,Some,0
South,NC,NC-03,140885,40-44,White,BA/BS,Male,A good deal,1
Northeast,NJ,NJ-05,140886,60-64,White,Some College,Male,Some,0
West,CO,CO-01,140887,30-34,White,Some College,Female,Not much,0
West,CA,CA-10,140888,45-49,Hispanic,Postgrad,Male,Some,0
Midwest,KS,KS-04,140890,75-79,White,Some College,Female,A good deal,1
West,NM,NM-02,140892,55-59,Hispanic,Postgrad,Female,Some,0
West,AZ,AZ-03,140893,30-34,Other,Some College,Female,A good deal,1
Midwest,IA,IA-03,140894,45-49,White,HS or less,Male,Not much,0
South,NC,NC-13,140895,40-44,White,Some College,Female,A good deal,1
South,FL,FL-24,140899,80 plus,Hispanic,Postgrad,Male,A good deal,1
West,UT,UT-03,140901,60-64,White,BA/BS,Female,Some,0
Midwest,OH,OH-07,140902,65-69,White,Some College,Female,Some,0
Midwest,MN,MN-08,140903,30-34,White,BA/BS,Male,Some,0
South,TX,TX-28,140904,25-29,Hispanic,Some College,Male,Not much,0
Midwest,IL,IL-04,140905,45-49,White,Postgrad,Female,Some,0
Midwest,IL,IL-12,140906,60-64,White,BA/BS,Male,Not much,0
Midwest,IL,IL-06,140907,45-49,White,Some College,Female,Not much,0
South,TX,TX-28,140908,60-64,White,HS or less,Male,Some,0
South,LA,LA-05,140909,30-34,White,HS or less,Male,Not much,0
Midwest,IL,IL-08,140910,65-69,White,HS or less,Male,Not much,0
South,FL,FL-19,140911,65-69,White,HS or less,Female,Some,0
South,TX,TX-28,140912,65-69,Hispanic,Some College,Male,A good deal,1
Midwest,OH,OH-04,140915,60-64,Black,BA/BS,Male,A good deal,1
Midwest,IL,IL-17,140916,50-54,White,Some College,Female,Some,0
South,TX,TX-07,140918,35-39,Black,BA/BS,Male,A good deal,1
Northeast,MA,MA-03,140922,50-54,White,Some College,Female,Not much,0
Midwest,MO,MO-02,140923,45-49,White,Postgrad,Male,Not much,0
West,CA,CA-37,140924,80 plus,Black,HS or less,Female,Some,0
South,AR,AR-03,140925,75-79,White,HS or less,Male,Some,0
South,TN,TN-03,140927,30-34,White,HS or less,Female,Some,0
Northeast,CT,CT-01,140928,40-44,Asian,Postgrad,Male,Not much,0
South,LA,LA-04,140929,70-74,Black,HS or less,Male,Some,0
South,TX,TX-04,140930,60-64,Black,BA/BS,Female,Some,0
West,NM,NM-03,140931,70-74,White,HS or less,Female,Not much,0
South,AL,AL-07,140932,35-39,White,BA/BS,Male,A good deal,1
Northeast,NY,NY-24,140933,35-39,White,Postgrad,Male,Not much,0
Midwest,WI,WI-05,140935,50-54,White,Some College,Female,Some,0
West,CA,CA-01,140936,45-49,White,Some College,Male,Some,0
West,UT,UT-03,140937,55-59,White,Some College,Female,A good deal,1
Midwest,IN,IN-06,140938,55-59,White,HS or less,Male,Some,0
Northeast,NY,NY-06,140939,70-74,White,Postgrad,Male,Not much,0
Northeast,NJ,NJ-06,140940,70-74,White,Postgrad,Female,A good deal,1
South,VA,VA-06,140943,70-74,White,HS or less,Female,Some,0
West,CA,CA-24,140944,35-39,White,Postgrad,Female,A good deal,1
Midwest,IN,IN-01,140948,45-49,Hispanic,HS or less,Male,Some,0
West,CA,CA-44,140949,80 plus,Black,BA/BS,Female,A good deal,1
South,AR,AR-02,140950,55-59,Other,Postgrad,Male,Some,0
South,NC,NC-11,140951,80 plus,White,Some College,Female,A good deal,1
West,AZ,AZ-01,140952,60-64,White,Postgrad,Male,A good deal,1
Midwest,IL,IL-06,140954,25-29,Hispanic,HS or less,Female,Some,0
Midwest,WI,WI-07,140957,50-54,White,Postgrad,Female,Some,0
West,WY,WY-00,140958,65-69,White,Postgrad,Female,Some,0
Northeast,CT,CT-01,140959,40-44,White,Postgrad,Female,A good deal,1
Midwest,WI,WI-03,140961,50-54,White,Some College,Female,A good deal,1
South,KY,KY-03,140962,65-69,White,HS or less,Female,Not much,0
South,KY,KY-01,140963,80 plus,White,BA/BS,Male,A good deal,1
West,CO,CO-02,140965,45-49,White,BA/BS,Male,Some,0
South,TN,TN-02,140967,40-44,White,Postgrad,Female,A good deal,1
South,FL,FL-24,140968,75-79,White,Some College,Female,A good deal,1
West,AZ,AZ-07,140969,65-69,White,Some College,Female,A good deal,1
Northeast,ME,ME-02,140971,40-44,White,BA/BS,Female,Not much,0
West,WY,WY-00,140974,45-49,White,BA/BS,Female,Some,0
Midwest,IN,IN-01,140975,40-44,Hispanic,HS or less,Male,Not much,0
Northeast,NJ,NJ-04,140977,45-49,White,Postgrad,Female,Some,0
Northeast,NY,NY-14,140978,80 plus,White,Some College,Male,Some,0
Northeast,PA,PA-12,140979,35-39,White,BA/BS,Male,Some,0
West,CA,CA-10,140980,45-49,White,Some College,Female,Not much,0
West,ID,ID-02,140981,25-29,White,Some College,Female,Some,0
West,CA,CA-39,140982,40-44,Black,Some College,Male,Some,0
South,NC,NC-03,140984,30-34,White,Some College,Male,A good deal,1
South,TX,TX-36,140985,70-74,Hispanic,HS or less,Female,Some,0
South,LA,LA-06,140986,80 plus,White,BA/BS,Male,Some,0
Northeast,PA,PA-16,140988,35-39,White,Some College,Male,Some,0
West,CA,CA-50,140989,30-34,White,Postgrad,Male,Not much,0
Midwest,IN,IN-09,140990,65-69,White,Some College,Male,A good deal,1
South,TN,TN-03,140991,35-39,White,BA/BS,Male,A good deal,1
South,NC,NC-03,140992,45-49,White,HS or less,Female,A good deal,1
West,CO,CO-01,140993,30-34,White,Postgrad,Male,Some,0
Midwest,OH,OH-06,140994,75-79,White,HS or less,Female,Not much,0
Midwest,OH,OH-12,140995,35-39,White,BA/BS,Female,Not much,0
South,FL,FL-24,140997,35-39,Hispanic,Some College,Male,Some,0
South,KY,KY-06,140999,40-44,White,Postgrad,Female,Some,0
Northeast,MA,MA-09,141000,80 plus,White,BA/BS,Female,A good deal,1
Northeast,PA,PA-13,141001,50-54,White,HS or less,Female,A good deal,1
South,TX,TX-12,141003,25-29,Black,HS or less,Female,A good deal,1
South,AL,AL-05,141005,60-64,White,BA/BS,Male,Some,0
South,MD,MD-06,141006,75-79,White,HS or less,Female,A good deal,1
South,TX,TX-27,141007,40-44,White,Some College,Female,A good deal,1
Midwest,MO,MO-02,141008,75-79,White,Postgrad,Female,Some,0
West,CA,CA-12,141009,30-34,Asian,BA/BS,Male,A good deal,1
South,FL,FL-22,141011,80 plus,White,BA/BS,Male,Some,0
West,NV,NV-04,141012,35-39,Black,Some College,Male,Not much,0
Northeast,MA,MA-04,141014,60-64,White,BA/BS,Female,A good deal,1
West,CA,CA-12,141016,65-69,White,BA/BS,Female,Some,0
South,TX,TX-07,141017,30-34,Other,Postgrad,Female,Some,0
Midwest,WI,WI-06,141018,75-79,White,Postgrad,Female,A good deal,1
West,CA,CA-22,141019,25-29,Hispanic,BA/BS,Male,Some,0
Midwest,MI,MI-03,141021,55-59,White,BA/BS,Female,Some,0
Northeast,MA,MA-08,141023,35-39,Asian,Postgrad,Female,Some,0
South,VA,VA-02,141024,65-69,White,Some College,Male,Not much,0
South,TN,TN-04,141026,70-74,White,Postgrad,Female,A good deal,1
Midwest,OH,OH-01,141027,80 plus,White,Some College,Female,Not much,0
Midwest,OH,OH-08,141028,65-69,White,HS or less,Female,Some,0
West,CA,CA-30,141029,55-59,White,Postgrad,Female,Some,0
South,TX,TX-36,141030,65-69,White,BA/BS,Female,A good deal,1
West,CA,CA-04,141031,45-49,White,BA/BS,Male,Some,0
Northeast,PA,PA-15,141032,80 plus,White,Some College,Female,A good deal,1
South,MD,MD-02,141033,25-29,White,Postgrad,Female,Some,0
Midwest,IL,IL-16,141034,45-49,White,HS or less,Female,Some,0
South,GA,GA-13,141038,35-39,White,Postgrad,Male,Some,0
Midwest,MI,MI-03,141039,60-64,Black,BA/BS,Male,Some,0
South,FL,FL-28,141040,50-54,Hispanic,Some College,Male,Not much,0
West,CA,CA-52,141041,50-54,Asian,HS or less,Male,A good deal,1
South,FL,FL-22,141042,55-59,White,BA/BS,Female,Some,0
South,MD,MD-08,141043,55-59,White,Postgrad,Female,A good deal,1
South,TX,TX-14,141045,55-59,White,BA/BS,Male,Not much,0
South,TX,TX-34,141046,50-54,Hispanic,Some College,Female,Not much,0
West,ID,ID-02,141047,50-54,White,Postgrad,Female,A good deal,1
West,NM,NM-01,141049,55-59,Hispanic,Postgrad,Male,Some,0
West,WA,WA-04,141053,40-44,White,BA/BS,Female,Some,0
Northeast,NH,NH-01,141054,75-79,White,HS or less,Female,A good deal,1
West,CA,CA-19,141055,40-44,White,Some College,Male,Not much,0
West,CA,CA-23,141056,70-74,White,BA/BS,Male,Some,0
Midwest,IL,IL-08,141057,75-79,White,Some College,Female,Some,0
Midwest,WI,WI-04,141058,75-79,White,BA/BS,Male,A good deal,1
Northeast,NH,NH-02,141061,50-54,White,Some College,Female,Not much,0
West,CA,CA-22,141062,65-69,Hispanic,Some College,Female,A good deal,1
South,FL,FL-07,141063,40-44,Black,BA/BS,Female,Not much,0
Northeast,NY,NY-21,141064,40-44,White,Postgrad,Male,Some,0
Midwest,IN,IN-02,141065,80 plus,White,Some College,Female,A good deal,1
South,TX,TX-12,141067,45-49,White,Postgrad,Male,A good deal,1
Northeast,NY,NY-26,141068,75-79,White,HS or less,Female,Not much,0
Midwest,IN,IN-08,141069,60-64,White,Postgrad,Female,Some,0
Northeast,CT,CT-04,141070,60-64,Black,Some College,Female,Some,0
South,FL,FL-22,141072,40-44,White,Postgrad,Male,Some,0
Northeast,PA,PA-08,141075,35-39,Hispanic,HS or less,Female,A good deal,1
West,CA,CA-49,141076,75-79,Hispanic,BA/BS,Female,A good deal,1
South,KY,KY-03,141077,45-49,White,Postgrad,Male,Not much,0
Midwest,MN,MN-06,141078,65-69,White,BA/BS,Male,A good deal,1
Midwest,MI,MI-04,141079,65-69,White,HS or less,Female,Some,0
South,MD,MD-06,141080,30-34,White,Postgrad,Female,Some,0
Midwest,IL,IL-07,141081,40-44,Black,HS or less,Female,Some,0
West,AK,AK-00,141082,35-39,White,Some College,Male,A good deal,1
South,MD,MD-02,141084,40-44,White,BA/BS,Female,Some,0
South,VA,VA-08,141086,30-34,White,Postgrad,Female,Some,0
Midwest,KS,KS-04,141087,35-39,White,HS or less,Male,Some,0
Midwest,IN,IN-01,141088,65-69,White,Some College,Female,Some,0
South,KY,KY-05,141089,60-64,White,HS or less,Female,Some,0
Midwest,MI,MI-01,141090,40-44,White,Some College,Male,Not much,0
South,TX,TX-12,141091,55-59,Asian,BA/BS,Female,Not much,0
South,GA,GA-01,141094,60-64,White,Some College,Female,Some,0
South,GA,GA-05,141096,50-54,Other,Some College,Female,Not much,0
Midwest,MI,MI-01,141097,70-74,White,Some College,Male,Some,0
Northeast,NY,NY-07,141098,60-64,White,Some College,Male,A good deal,1
West,CA,CA-02,141099,35-39,White,BA/BS,Female,Some,0
South,TX,TX-09,141100,75-79,White,Postgrad,Female,Some,0
Midwest,MI,MI-08,141101,70-74,White,HS or less,Male,A good deal,1
South,OK,OK-04,141104,45-49,White,Postgrad,Female,Some,0
West,CA,CA-09,141105,70-74,White,HS or less,Female,Some,0
South,LA,LA-06,141106,35-39,Black,BA/BS,Male,Some,0
South,FL,FL-10,141107,65-69,Hispanic,Some College,Female,Some,0
Northeast,PA,PA-07,141108,30-34,White,Postgrad,Male,A good deal,1
South,NC,NC-05,141109,35-39,Black,BA/BS,Male,Some,0
Midwest,MO,MO-07,141110,30-34,White,HS or less,Male,Not much,0
West,NV,NV-03,141111,65-69,White,HS or less,Male,Not much,0
Northeast,PA,PA-10,141112,65-69,White,HS or less,Male,Not much,0
Midwest,MI,MI-02,141113,50-54,White,BA/BS,Female,Some,0
Midwest,MI,MI-12,141118,65-69,Other,BA/BS,Female,Some,0
Midwest,OH,OH-11,141120,45-49,Black,HS or less,Male,Some,0
Midwest,IL,IL-13,141121,35-39,White,BA/BS,Female,Some,0
South,FL,FL-04,141122,50-54,White,BA/BS,Female,Not much,0
West,CA,CA-01,141124,55-59,White,Some College,Female,Some,0
Midwest,OH,OH-03,141129,35-39,White,BA/BS,Male,A good deal,1
West,NV,NV-01,141130,60-64,Hispanic,BA/BS,Male,A good deal,1
West,AZ,AZ-01,141131,70-74,White,Postgrad,Male,A good deal,1
South,TN,TN-02,141132,70-74,White,BA/BS,Male,Some,0
Northeast,MA,MA-02,141135,60-64,White,HS or less,Female,A good deal,1
Northeast,NY,NY-25,141136,40-44,White,BA/BS,Female,Not much,0
West,UT,UT-01,141139,35-39,White,BA/BS,Female,Not much,0
West,CA,CA-16,141140,40-44,White,BA/BS,Male,A good deal,1
South,AR,AR-03,141141,70-74,White,Some College,Female,A good deal,1
Midwest,OH,OH-04,141142,45-49,White,Some College,Female,Not much,0
West,CA,CA-31,141143,70-74,Hispanic,Some College,Female,A good deal,1
West,AZ,AZ-08,141144,70-74,White,Postgrad,Female,A good deal,1
Northeast,MA,MA-08,141145,75-79,White,BA/BS,Male,Some,0
West,NV,NV-04,141146,70-74,Black,Postgrad,Female,Some,0
South,MS,MS-04,141147,60-64,White,Postgrad,Male,Some,0
South,TX,TX-15,141148,30-34,Hispanic,HS or less,Male,Some,0
Midwest,IL,IL-07,141150,50-54,Black,Some College,Male,Some,0
Midwest,IL,IL-11,141152,55-59,White,BA/BS,Male,Not much,0
West,MT,MT-01,141153,80 plus,White,BA/BS,Male,Some,0
South,GA,GA-04,141154,65-69,Black,Some College,Male,Not much,0
West,AZ,AZ-02,141155,65-69,White,HS or less,Female,A good deal,1
South,SC,SC-05,141156,60-64,White,HS or less,Female,Some,0
Northeast,PA,PA-09,141157,80 plus,White,HS or less,Male,Some,0
West,WA,WA-03,141158,50-54,White,BA/BS,Male,A good deal,1
West,CA,CA-50,141159,55-59,White,BA/BS,Female,A good deal,1
West,UT,UT-03,141160,65-69,White,Some College,Female,Not much,0
South,SC,SC-04,141162,30-34,Black,Some College,Female,Some,0
West,CA,CA-41,141164,30-34,Hispanic,BA/BS,Female,Not much,0
South,TX,TX-21,141165,70-74,White,BA/BS,Male,Some,0
West,NM,NM-01,141167,50-54,Hispanic,BA/BS,Male,Some,0
Midwest,IL,IL-14,141168,40-44,Hispanic,Postgrad,Male,Some,0
Northeast,NJ,NJ-03,141169,25-29,White,HS or less,Male,Some,0
Midwest,IN,IN-06,141170,75-79,White,BA/BS,Male,Some,0
South,AL,AL-02,141171,40-44,White,BA/BS,Male,A good deal,1
South,SC,SC-06,141172,80 plus,White,Postgrad,Female,Some,0
South,TN,TN-01,141173,75-79,White,Some College,Male,A good deal,1
Midwest,MI,MI-08,141175,40-44,White,Some College,Female,Some,0
West,CA,CA-03,141178,70-74,White,BA/BS,Female,Some,0
South,FL,FL-17,141179,75-79,White,HS or less,Male,A good deal,1
Northeast,ME,ME-01,141180,45-49,White,Postgrad,Female,Not much,0
Northeast,NY,NY-06,141183,50-54,Asian,BA/BS,Male,Not much,0
Midwest,OH,OH-06,141184,25-29,White,HS or less,Male,A good deal,1
Midwest,MN,MN-06,141186,75-79,White,Postgrad,Male,Some,0
South,LA,LA-06,141188,35-39,White,BA/BS,Female,Some,0
South,OK,OK-02,141189,60-64,White,HS or less,Male,A good deal,1
West,CA,CA-36,141191,55-59,White,BA/BS,Female,Some,0
Midwest,MI,MI-10,141192,45-49,White,Some College,Female,A good deal,1
South,MD,MD-08,141194,55-59,White,BA/BS,Male,A good deal,1
South,NC,NC-08,141195,70-74,White,Postgrad,Female,Some,0
Midwest,IL,IL-16,141196,55-59,White,Some College,Male,A good deal,1
Midwest,OH,OH-11,141197,35-39,White,Postgrad,Female,A good deal,1
West,UT,UT-02,141198,75-79,White,HS or less,Female,Some,0
South,NC,NC-11,141199,30-34,White,Some College,Male,Not much,0
West,CA,CA-45,141200,70-74,White,BA/BS,Male,A good deal,1
South,FL,FL-03,141203,45-49,White,Some College,Male,Not much,0
West,ID,ID-02,141205,55-59,White,BA/BS,Male,Not much,0
South,FL,FL-21,141206,50-54,Asian,BA/BS,Male,Some,0
DC,DC,DC-98,141207,45-49,White,BA/BS,Female,A good deal,1
Midwest,KS,KS-03,141208,80 plus,White,BA/BS,Female,A good deal,1
Northeast,MA,MA-09,141209,75-79,White,Some College,Female,Not much,0
West,WA,WA-08,141210,35-39,White,Some College,Female,Some,0
Midwest,WI,WI-07,141212,45-49,White,BA/BS,Male,Some,0
South,NC,NC-03,141214,80 plus,Black,BA/BS,Female,A good deal,1
Midwest,MI,MI-04,141215,80 plus,White,Some College,Male,A good deal,1
South,OK,OK-05,141216,75-79,White,Postgrad,Female,A good deal,1
Midwest,WI,WI-04,141217,40-44,White,Postgrad,Male,Some,0
Midwest,SD,SD-00,141218,35-39,White,Some College,Male,Some,0
South,TN,TN-05,141220,65-69,White,Some College,Female,A good deal,1
South,TX,TX-25,141221,75-79,White,HS or less,Female,A good deal,1
West,OR,OR-05,141222,30-34,White,Some College,Female,Not much,0
South,KY,KY-04,141224,65-69,White,HS or less,Female,Not much,0
South,GA,GA-11,141226,30-34,Black,HS or less,Male,Some,0
Midwest,MO,MO-06,141228,65-69,White,Postgrad,Male,Not much,0
Midwest,IA,IA-03,141229,50-54,White,HS or less,Female,Not much,0
West,CA,CA-47,141230,70-74,White,Postgrad,Male,A good deal,1
South,GA,GA-01,141231,35-39,White,HS or less,Female,Some,0
South,NC,NC-06,141233,65-69,White,Some College,Female,Some,0
West,OR,OR-03,141234,35-39,White,Postgrad,Male,Not much,0
South,GA,GA-09,141235,80 plus,White,HS or less,Male,A good deal,1
Midwest,KS,KS-02,141237,18-24,White,Some College,Female,Some,0
Midwest,MI,MI-13,141238,25-29,Black,Some College,Female,A good deal,1
West,CA,CA-10,141240,30-34,White,BA/BS,Female,Some,0
West,CO,CO-06,141241,75-79,White,BA/BS,Male,A good deal,1
South,VA,VA-07,141242,60-64,White,HS or less,Female,Some,0
Midwest,NE,NE-02,141243,80 plus,White,HS or less,Female,Some,0
South,TX,TX-14,141244,40-44,White,Postgrad,Female,Some,0
West,UT,UT-02,141245,25-29,White,BA/BS,Male,Not much,0
South,VA,VA-07,141246,50-54,White,Postgrad,Female,Some,0
Northeast,ME,ME-01,141247,75-79,White,Some College,Male,Some,0
Midwest,IL,IL-16,141248,65-69,White,Some College,Female,Some,0
South,NC,NC-10,141249,40-44,White,Postgrad,Male,A good deal,1
South,FL,FL-18,141251,60-64,White,HS or less,Female,Some,0
South,AL,AL-05,141252,30-34,White,Postgrad,Female,Not much,0
West,CO,CO-03,141253,40-44,White,BA/BS,Female,Some,0
South,OK,OK-02,141255,25-29,White,HS or less,Male,Not much,0
Midwest,MI,MI-03,141256,70-74,White,Some College,Female,Some,0
Midwest,MI,MI-05,141257,45-49,White,Postgrad,Female,A good deal,1
Northeast,PA,PA-09,141258,75-79,White,HS or less,Female,A good deal,1
South,GA,GA-09,141260,75-79,White,Postgrad,Female,A good deal,1
South,FL,FL-21,141261,60-64,Hispanic,Postgrad,Female,Some,0
Northeast,NH,NH-02,141262,45-49,White,Postgrad,Male,Some,0
Northeast,PA,PA-15,141263,50-54,White,BA/BS,Male,Some,0
South,TX,TX-17,141264,60-64,White,Some College,Male,Not much,0
West,WA,WA-07,141265,70-74,White,BA/BS,Male,A good deal,1
Northeast,NY,NY-18,141266,80 plus,White,Postgrad,Male,Some,0
South,TN,TN-03,141267,40-44,White,Postgrad,Male,Some,0
South,VA,VA-08,141268,65-69,Hispanic,BA/BS,Female,A good deal,1
South,MS,MS-04,141269,70-74,White,Some College,Female,Some,0
West,CA,CA-20,141270,45-49,White,Postgrad,Female,Some,0
West,CA,CA-20,141271,65-69,White,Some College,Female,Not much,0
Midwest,IL,IL-07,141272,40-44,Asian,Some College,Female,Not much,0
South,TX,TX-08,141275,40-44,Black,Some College,Male,Some,0
West,CA,CA-16,141276,45-49,White,Postgrad,Female,Some,0
South,TX,TX-08,141277,30-34,Hispanic,BA/BS,Male,Some,0
South,NC,NC-06,141278,40-44,White,BA/BS,Male,Some,0
Midwest,OH,OH-02,141281,75-79,White,Some College,Male,Some,0
South,OK,OK-02,141282,45-49,White,Some College,Female,Some,0
South,TX,TX-11,141284,45-49,White,Some College,Male,Some,0
Northeast,NJ,NJ-07,141285,40-44,White,BA/BS,Male,Some,0
Northeast,PA,PA-16,141286,55-59,White,Some College,Female,A good deal,1
Midwest,IL,IL-12,141287,30-34,White,BA/BS,Female,A good deal,1
South,FL,FL-19,141288,80 plus,White,Postgrad,Female,A good deal,1
DC,DC,DC-98,141290,75-79,Black,HS or less,Male,A good deal,1
South,TN,TN-07,141291,30-34,White,Some College,Female,Some,0
Northeast,NH,NH-01,141292,65-69,White,HS or less,Female,Some,0
South,KY,KY-02,141293,60-64,White,HS or less,Male,Some,0
West,WA,WA-01,141294,40-44,White,Some College,Female,Not much,0
Northeast,NY,NY-12,141295,40-44,White,BA/BS,Male,A good deal,1
Midwest,IL,IL-12,141296,35-39,White,Some College,Female,Some,0
Northeast,MA,MA-04,141298,75-79,White,Postgrad,Female,A good deal,1
Midwest,MN,MN-08,141300,60-64,White,Some College,Female,Some,0
Midwest,MI,MI-04,141301,75-79,White,Some College,Male,Not much,0
South,KY,KY-06,141303,40-44,White,Some College,Male,Some,0
Northeast,PA,PA-09,141305,60-64,White,Some College,Female,A good deal,1
Midwest,WI,WI-03,141306,60-64,White,Postgrad,Female,Some,0
West,CA,CA-50,141307,75-79,Asian,BA/BS,Male,Some,0
South,TX,TX-34,141308,80 plus,Hispanic,HS or less,Female,Some,0
South,TX,TX-06,141309,40-44,Black,BA/BS,Female,Not much,0
Midwest,KS,KS-01,141311,65-69,White,Some College,Male,Some,0
South,TN,TN-07,141312,70-74,White,BA/BS,Male,A good deal,1
Northeast,PA,PA-04,141313,40-44,White,BA/BS,Male,Not much,0
Northeast,NJ,NJ-12,141314,70-74,White,Some College,Female,Some,0
West,UT,UT-02,141316,30-34,Hispanic,Some College,Female,Some,0
West,CO,CO-01,141317,30-34,White,BA/BS,Female,Not much,0
West,ID,ID-02,141322,55-59,White,HS or less,Male,Some,0
Midwest,MI,MI-10,141323,45-49,White,BA/BS,Female,A good deal,1
West,CA,CA-44,141324,65-69,White,Postgrad,Male,Some,0
South,NC,NC-03,141325,70-74,Black,HS or less,Male,A good deal,1
Midwest,MI,MI-05,141326,65-69,White,HS or less,Male,Not much,0
Midwest,MO,MO-07,141327,55-59,White,Some College,Female,Not much,0
Northeast,NJ,NJ-06,141328,70-74,White,BA/BS,Female,Not much,0
Northeast,NY,NY-19,141329,55-59,White,Postgrad,Female,Not much,0
South,TX,TX-38,141331,40-44,White,HS or less,Male,Some,0
South,OK,OK-05,141332,35-39,White,BA/BS,Female,Some,0
Midwest,MN,MN-03,141333,40-44,White,Some College,Female,Some,0
West,AZ,AZ-09,141335,60-64,White,Some College,Male,Some,0
South,NC,NC-14,141338,40-44,White,Postgrad,Female,Some,0
South,NC,NC-14,141339,55-59,White,Some College,Female,Some,0
South,LA,LA-01,141340,40-44,White,Some College,Female,Some,0
Northeast,PA,PA-06,141341,55-59,White,Postgrad,Male,Some,0
West,CA,CA-25,141343,45-49,White,Postgrad,Female,Some,0
Midwest,MO,MO-04,141344,70-74,White,HS or less,Female,Not much,0
Midwest,WI,WI-06,141347,55-59,White,HS or less,Female,Some,0
Midwest,IL,IL-03,141348,35-39,White,Postgrad,Female,Not much,0
South,TX,TX-08,141349,55-59,White,Postgrad,Male,A good deal,1
South,NC,NC-06,141350,50-54,White,HS or less,Male,Not much,0
South,TN,TN-07,141355,50-54,White,Postgrad,Female,Some,0
South,MD,MD-05,141356,55-59,Black,Some College,Female,Some,0
South,MD,MD-01,141358,70-74,White,Postgrad,Female,Some,0
South,OK,OK-05,141359,40-44,Hispanic,HS or less,Male,Not much,0
Northeast,ME,ME-01,141360,60-64,White,HS or less,Female,A good deal,1
South,LA,LA-04,141361,50-54,White,BA/BS,Female,Some,0
Midwest,MI,MI-07,141362,80 plus,White,HS or less,Female,Not much,0
Midwest,OH,OH-14,141363,60-64,White,HS or less,Male,A good deal,1
South,KY,KY-04,141366,80 plus,White,BA/BS,Female,Not much,0
Midwest,OH,OH-09,141367,65-69,White,Some College,Female,A good deal,1
Midwest,NE,NE-01,141368,40-44,White,BA/BS,Male,Some,0
South,NC,NC-02,141369,35-39,White,BA/BS,Male,Some,0
South,SC,SC-07,141370,80 plus,White,BA/BS,Male,A good deal,1
South,TN,TN-07,141371,65-69,White,HS or less,Female,Some,0
Northeast,PA,PA-04,141373,55-59,White,BA/BS,Female,Some,0
South,FL,FL-03,141374,40-44,White,BA/BS,Female,Some,0
Midwest,OH,OH-13,141375,50-54,White,BA/BS,Male,Some,0
Midwest,IA,IA-02,141376,45-49,White,BA/BS,Male,Some,0
South,FL,FL-12,141377,50-54,White,BA/BS,Male,A good deal,1
West,ID,ID-01,141378,65-69,White,Some College,Female,A good deal,1
South,WV,WV-02,141380,70-74,White,Postgrad,Female,A good deal,1
South,TN,TN-08,141381,50-54,White,HS or less,Female,A good deal,1
South,SC,SC-07,141382,40-44,Black,HS or less,Female,A good deal,1
West,CO,CO-04,141384,70-74,White,Postgrad,Female,Not much,0
South,MD,MD-03,141386,70-74,White,Postgrad,Female,Not much,0
South,FL,FL-14,141387,65-69,Hispanic,Some College,Male,A good deal,1
South,MD,MD-08,141388,65-69,White,BA/BS,Male,A good deal,1
Midwest,IL,IL-15,141389,40-44,White,HS or less,Female,Some,0
South,KY,KY-02,141391,35-39,White,BA/BS,Male,Some,0
West,NM,NM-01,141392,75-79,White,BA/BS,Male,Some,0
South,TX,TX-35,141393,30-34,Black,Some College,Male,Some,0
West,CA,CA-19,141395,45-49,White,Postgrad,Female,A good deal,1
West,CA,CA-45,141396,70-74,White,Some College,Female,Not much,0
Northeast,PA,PA-12,141398,25-29,White,BA/BS,Male,Some,0
West,WA,WA-02,141399,45-49,White,HS or less,Male,Not much,0
South,GA,GA-04,141400,55-59,Black,Some College,Female,A good deal,1
Midwest,MN,MN-06,141401,40-44,Asian,Some College,Male,Some,0
Northeast,NY,NY-10,141402,45-49,Hispanic,Some College,Female,A good deal,1
South,FL,FL-17,141403,40-44,White,BA/BS,Female,Some,0
South,WV,WV-01,141404,40-44,White,HS or less,Male,Not much,0
Northeast,NY,NY-12,141405,55-59,White,BA/BS,Female,Some,0
Midwest,OH,OH-05,141406,75-79,White,HS or less,Male,Some,0
South,WV,WV-01,141407,60-64,White,Some College,Female,Some,0
Midwest,MO,MO-06,141409,30-34,White,HS or less,Female,Not much,0
Northeast,NY,NY-22,141411,65-69,White,BA/BS,Male,Some,0
West,NV,NV-03,141413,80 plus,White,HS or less,Male,Some,0
West,CA,CA-07,141414,80 plus,White,Postgrad,Female,Some,0
West,HI,HI-01,141415,60-64,Asian,BA/BS,Female,A good deal,1
West,CA,CA-28,141416,45-49,Black,BA/BS,Female,A good deal,1
Northeast,NJ,NJ-12,141417,60-64,Hispanic,Postgrad,Female,A good deal,1
Northeast,NY,NY-22,141418,40-44,White,Postgrad,Male,Some,0
South,TN,TN-05,141419,60-64,White,BA/BS,Male,Not much,0
South,FL,FL-07,141420,50-54,White,Postgrad,Male,Not much,0
Northeast,NJ,NJ-05,141421,35-39,Hispanic,BA/BS,Male,A good deal,1
South,TX,TX-15,141422,30-34,Hispanic,Some College,Female,Some,0
Midwest,KS,KS-03,141423,25-29,White,Postgrad,Female,Not much,0
Midwest,MN,MN-04,141425,50-54,White,HS or less,Female,A good deal,1
Midwest,OH,OH-02,141426,35-39,White,BA/BS,Female,Some,0
Midwest,OH,OH-05,141427,65-69,White,Some College,Male,A good deal,1
South,OK,OK-04,141428,35-39,White,BA/BS,Male,Some,0
Midwest,IL,IL-13,141429,50-54,White,Some College,Female,Some,0
South,SC,SC-07,141430,65-69,White,Some College,Female,Some,0
South,TX,TX-12,141431,40-44,Hispanic,Postgrad,Male,Some,0
South,FL,FL-05,141432,55-59,White,BA/BS,Female,A good deal,1
Midwest,OH,OH-15,141434,30-34,Other,Some College,Female,Some,0
Midwest,OH,OH-12,141435,40-44,White,BA/BS,Male,Not much,0
South,TX,TX-35,141436,45-49,Hispanic,Some College,Female,Some,0
Midwest,MO,MO-06,141437,80 plus,White,Some College,Female,A good deal,1
Midwest,MO,MO-03,141438,40-44,White,BA/BS,Female,A good deal,1
South,TN,TN-03,141439,50-54,White,BA/BS,Male,Some,0
West,ID,ID-02,141440,30-34,White,BA/BS,Male,Some,0
Northeast,NJ,NJ-06,141441,75-79,White,Some College,Female,A good deal,1
Northeast,MA,MA-04,141442,80 plus,White,Postgrad,Female,A good deal,1
South,NC,NC-08,141443,35-39,White,Some College,Male,A good deal,1
Midwest,NE,NE-03,141444,60-64,White,Some College,Female,A good deal,1
South,GA,GA-09,141445,65-69,White,HS or less,Female,Some,0
South,GA,GA-02,141446,40-44,Black,Some College,Female,Some,0
Northeast,NY,NY-23,141447,75-79,White,Some College,Female,Some,0
Northeast,NY,NY-21,141449,55-59,White,HS or less,Female,Some,0
Northeast,MA,MA-04,141451,75-79,White,BA/BS,Female,A good deal,1
South,FL,FL-22,141452,75-79,White,BA/BS,Male,Some,0
Midwest,MI,MI-05,141453,80 plus,White,HS or less,Female,A good deal,1
West,CA,CA-28,141454,45-49,Hispanic,Some College,Female,Some,0
South,AL,AL-05,141455,25-29,White,Postgrad,Female,Some,0
South,VA,VA-09,141456,40-44,White,Some College,Female,Not much,0
South,GA,GA-12,141457,45-49,White,BA/BS,Female,A good deal,1
South,VA,VA-11,141458,35-39,White,Postgrad,Female,Some,0
South,TX,TX-34,141459,65-69,Hispanic,HS or less,Female,Not much,0
West,CO,CO-07,141461,65-69,Asian,Postgrad,Male,Some,0
South,TX,TX-28,141462,65-69,Hispanic,HS or less,Male,Some,0
Midwest,IN,IN-09,141463,75-79,White,BA/BS,Male,Some,0
Northeast,PA,PA-07,141465,80 plus,White,Postgrad,Male,Some,0
West,WA,WA-03,141466,50-54,White,HS or less,Male,Some,0
South,TN,TN-02,141467,25-29,White,Postgrad,Female,A good deal,1
Northeast,NY,NY-21,141468,80 plus,White,BA/BS,Male,Some,0
West,ID,ID-02,141469,35-39,White,Some College,Female,Not much,0
West,ID,ID-01,141470,40-44,White,Some College,Female,Some,0
Midwest,IL,IL-12,141471,30-34,White,Some College,Male,Some,0
Midwest,IL,IL-08,141472,30-34,White,Postgrad,Male,Some,0
Midwest,OH,OH-15,141473,35-39,White,Some College,Female,Not much,0
Northeast,CT,CT-01,141474,80 plus,White,BA/BS,Male,Some,0
Midwest,ND,ND-00,141475,45-49,White,Postgrad,Female,A good deal,1
West,CA,CA-50,141476,60-64,Asian,Postgrad,Male,A good deal,1
West,CA,CA-48,141477,65-69,White,Some College,Male,Some,0
Northeast,PA,PA-14,141478,60-64,White,HS or less,Female,A good deal,1
Midwest,OH,OH-08,141479,80 plus,Hispanic,BA/BS,Male,A good deal,1
Northeast,VT,VT-00,141482,40-44,White,Some College,Male,Some,0
West,NM,NM-01,141483,75-79,Hispanic,Some College,Male,Some,0
South,FL,FL-09,141485,35-39,White,Some College,Female,Some,0
Midwest,IL,IL-01,141486,40-44,Hispanic,BA/BS,Female,Some,0
South,FL,FL-10,141487,25-29,White,Some College,Male,Some,0
Northeast,PA,PA-15,141488,70-74,White,BA/BS,Female,A good deal,1
South,OK,OK-04,141489,60-64,White,Postgrad,Female,Some,0
Midwest,IA,IA-03,141490,40-44,White,BA/BS,Male,Some,0
Midwest,IL,IL-08,141491,50-54,White,Postgrad,Female,Some,0
Midwest,MI,MI-04,141494,35-39,White,BA/BS,Female,A good deal,1
Midwest,MO,MO-01,141495,30-34,Black,HS or less,Female,Not much,0
South,NC,NC-03,141496,75-79,White,BA/BS,Male,Some,0
Midwest,MI,MI-09,141497,70-74,White,HS or less,Female,Not much,0
West,CA,CA-05,141498,35-39,White,Some College,Female,Some,0
South,FL,FL-19,141500,80 plus,White,BA/BS,Male,Not much,0
Northeast,PA,PA-01,141501,45-49,White,Postgrad,Female,A good deal,1
South,TX,TX-06,141503,55-59,White,BA/BS,Female,Not much,0
Midwest,KS,KS-04,141504,25-29,White,BA/BS,Female,Some,0
South,FL,FL-17,141505,25-29,White,Some College,Female,Not much,0
West,AZ,AZ-05,141506,50-54,White,Postgrad,Male,Some,0
South,MD,MD-08,141507,45-49,Other,BA/BS,Male,A good deal,1
South,AL,AL-05,141508,65-69,White,Some College,Female,Some,0
Northeast,NY,NY-16,141510,80 plus,White,HS or less,Female,A good deal,1
West,CO,CO-04,141511,40-44,Other,Postgrad,Female,Not much,0
South,TX,TX-26,141513,55-59,White,BA/BS,Male,Some,0
South,KY,KY-06,141514,30-34,White,BA/BS,Male,Some,0
South,OK,OK-03,141516,50-54,Hispanic,HS or less,Male,A good deal,1
Midwest,MO,MO-07,141517,75-79,White,Some College,Male,Some,0
Midwest,IL,IL-06,141518,65-69,Asian,Postgrad,Male,Some,0
Midwest,IL,IL-05,141519,45-49,Black,Postgrad,Female,Some,0
South,FL,FL-16,141521,40-44,White,Postgrad,Male,A good deal,1
South,MS,MS-04,141522,65-69,Other,Postgrad,Female,Some,0
Midwest,IN,IN-06,141523,55-59,White,Some College,Male,Not much,0
West,CO,CO-04,141524,40-44,White,Postgrad,Female,A good deal,1
West,CA,CA-01,141525,70-74,White,BA/BS,Female,Some,0
West,NM,NM-01,141526,75-79,White,BA/BS,Female,A good deal,1
South,FL,FL-28,141527,70-74,White,BA/BS,Male,Some,0
South,GA,GA-01,141528,40-44,Other,Some College,Male,Some,0
Midwest,OH,OH-01,141529,65-69,White,HS or less,Male,Some,0
West,CO,CO-01,141530,35-39,White,BA/BS,Male,Some,0
South,VA,VA-02,141531,75-79,White,HS or less,Male,A good deal,1
South,GA,GA-03,141532,60-64,White,HS or less,Female,Not much,0
West,CA,CA-50,141533,25-29,Other,Postgrad,Male,A good deal,1
Northeast,NY,NY-21,141534,70-74,White,HS or less,Female,Some,0
Midwest,NE,NE-02,141536,70-74,White,BA/BS,Male,A good deal,1
South,GA,GA-04,141537,30-34,White,Postgrad,Female,Not much,0
South,MS,MS-04,141538,60-64,Black,BA/BS,Male,Some,0
West,AZ,AZ-03,141539,65-69,Hispanic,Some College,Female,A good deal,1
South,GA,GA-10,141540,65-69,White,BA/BS,Male,Some,0
West,UT,UT-02,141541,25-29,White,Some College,Female,Some,0
Midwest,MN,MN-06,141542,35-39,White,BA/BS,Male,Some,0
South,TX,TX-15,141543,35-39,Hispanic,Some College,Female,Not much,0
South,LA,LA-06,141544,40-44,Black,Some College,Female,Not much,0
Northeast,NH,NH-01,141545,80 plus,White,Some College,Female,A good deal,1
Northeast,NY,NY-15,141546,65-69,White,Some College,Male,Some,0
South,FL,FL-14,141547,65-69,Other,HS or less,Male,A good deal,1
West,CO,CO-08,141548,55-59,White,BA/BS,Female,Not much,0
West,WA,WA-04,141550,65-69,White,HS or less,Female,Not much,0
Northeast,CT,CT-01,141551,75-79,White,Some College,Male,Not much,0
Northeast,NY,NY-23,141552,75-79,White,Some College,Female,Not much,0
Midwest,MN,MN-05,141554,30-34,White,BA/BS,Male,Some,0
South,TX,TX-25,141555,55-59,Asian,Some College,Female,A good deal,1
West,CA,CA-12,141557,70-74,White,Postgrad,Male,A good deal,1
Northeast,PA,PA-12,141558,70-74,White,Postgrad,Female,Some,0
West,MT,MT-02,141559,45-49,White,Some College,Female,Some,0
West,CA,CA-20,141560,75-79,White,Some College,Female,A good deal,1
South,TN,TN-02,141562,60-64,White,BA/BS,Male,Some,0
South,MS,MS-01,141565,45-49,White,Postgrad,Female,Some,0
South,FL,FL-17,141566,65-69,White,HS or less,Male,Some,0
West,NV,NV-03,141567,45-49,Hispanic,Postgrad,Female,Some,0
Midwest,IA,IA-03,141568,25-29,Hispanic,Some College,Female,Some,0
West,CA,CA-17,141570,55-59,White,Some College,Male,A good deal,1
South,FL,FL-22,141572,60-64,White,Postgrad,Male,A good deal,1
South,VA,VA-07,141573,35-39,White,BA/BS,Male,A good deal,1
West,CA,CA-02,141574,50-54,White,Postgrad,Female,A good deal,1
Northeast,PA,PA-13,141575,80 plus,White,Postgrad,Male,Some,0
West,ID,ID-01,141576,55-59,White,BA/BS,Female,Not much,0
Midwest,OH,OH-11,141577,30-34,White,Some College,Male,A good deal,1
South,NC,NC-07,141578,60-64,White,HS or less,Female,A good deal,1
South,NC,NC-02,141580,70-74,White,HS or less,Female,Some,0
South,AR,AR-03,141582,50-54,White,Some College,Female,Some,0
South,TX,TX-15,141583,45-49,Hispanic,Some College,Female,A good deal,1
South,GA,GA-02,141584,55-59,Black,Some College,Female,A good deal,1
South,MD,MD-07,141585,35-39,White,Postgrad,Female,A good deal,1
Midwest,IL,IL-16,141587,40-44,White,Some College,Male,Not much,0
Northeast,NJ,NJ-11,141588,45-49,White,Postgrad,Female,A good deal,1
Northeast,NH,NH-01,141589,65-69,White,BA/BS,Female,A good deal,1
Midwest,OH,OH-12,141592,35-39,White,HS or less,Male,Not much,0
West,CA,CA-51,141594,65-69,White,Some College,Female,Some,0
South,NC,NC-09,141595,35-39,Black,HS or less,Male,A good deal,1
Midwest,WI,WI-08,141596,50-54,White,Some College,Male,A good deal,1
South,TX,TX-15,141598,60-64,Hispanic,HS or less,Male,Some,0
South,SC,SC-06,141600,55-59,Black,HS or less,Female,Some,0
Northeast,CT,CT-01,141601,50-54,White,Postgrad,Female,A good deal,1
Northeast,NH,NH-01,141603,55-59,White,BA/BS,Female,A good deal,1
South,KY,KY-04,141604,80 plus,White,Postgrad,Female,Some,0
Midwest,KS,KS-04,141605,55-59,White,Some College,Female,Some,0
Midwest,KS,KS-03,141606,75-79,White,Postgrad,Male,A good deal,1
South,TN,TN-05,141607,65-69,Other,Some College,Male,Some,0
Midwest,WI,WI-08,141608,60-64,White,Some College,Female,A good deal,1
South,AR,AR-03,141610,55-59,White,BA/BS,Female,Some,0
Midwest,KS,KS-03,141611,40-44,Hispanic,Postgrad,Male,Some,0
South,GA,GA-02,141614,45-49,Black,HS or less,Male,A good deal,1
South,TX,TX-09,141615,55-59,Hispanic,Postgrad,Female,Some,0
Northeast,VT,VT-00,141616,45-49,White,Postgrad,Female,A good deal,1
West,CA,CA-04,141618,75-79,White,Postgrad,Female,A good deal,1
Midwest,OH,OH-05,141619,65-69,Black,Some College,Male,A good deal,1
Midwest,IL,IL-10,141620,30-34,White,Postgrad,Female,Some,0
Midwest,WI,WI-02,141621,45-49,White,Some College,Male,Some,0
Midwest,KS,KS-02,141622,40-44,White,Some College,Female,Some,0
Northeast,MA,MA-09,141623,80 plus,White,Postgrad,Male,A good deal,1
South,NC,NC-09,141624,65-69,White,Some College,Female,Some,0
South,MS,MS-04,141626,80 plus,Black,HS or less,Female,Some,0
South,TX,TX-10,141627,30-34,White,Some College,Female,Some,0
Northeast,NY,NY-25,141628,55-59,White,Some College,Male,A good deal,1
South,TX,TX-31,141629,65-69,White,HS or less,Male,A good deal,1
South,TN,TN-01,141630,50-54,White,Some College,Female,A good deal,1
South,TX,TX-28,141634,45-49,Hispanic,Some College,Female,Some,0
DC,DC,DC-98,141636,55-59,White,Postgrad,Male,Some,0
West,ID,ID-01,141637,65-69,White,Some College,Male,Not much,0
Midwest,OH,OH-12,141638,65-69,White,HS or less,Female,A good deal,1
Northeast,NY,NY-07,141639,30-34,White,BA/BS,Male,Some,0
South,TX,TX-15,141640,70-74,White,Some College,Female,Some,0
South,SC,SC-05,141642,60-64,White,BA/BS,Female,A good deal,1
South,MD,MD-05,141644,25-29,Black,HS or less,Male,Some,0
Northeast,NJ,NJ-12,141647,75-79,White,BA/BS,Male,A good deal,1
Midwest,IL,IL-16,141649,75-79,White,Some College,Female,Some,0
South,TX,TX-34,141651,75-79,Hispanic,BA/BS,Male,Some,0
Midwest,MN,MN-01,141654,80 plus,White,BA/BS,Male,A good deal,1
Midwest,IL,IL-16,141655,80 plus,White,Postgrad,Female,Some,0
Midwest,OH,OH-03,141656,60-64,White,BA/BS,Male,Some,0
South,MD,MD-06,141657,50-54,Black,Postgrad,Male,Not much,0
Northeast,PA,PA-11,141659,65-69,White,BA/BS,Male,Some,0
Midwest,IL,IL-17,141661,65-69,White,Postgrad,Male,Some,0
South,TX,TX-10,141662,45-49,White,HS or less,Female,Some,0
Midwest,OH,OH-06,141663,60-64,White,Some College,Female,Some,0
South,FL,FL-18,141664,75-79,White,Some College,Male,A good deal,1
South,MD,MD-06,141665,80 plus,White,HS or less,Female,Not much,0
Midwest,MI,MI-05,141666,25-29,White,Some College,Male,Not much,0
South,FL,FL-02,141667,55-59,White,Some College,Female,Some,0
Northeast,CT,CT-05,141668,65-69,White,Postgrad,Male,Some,0
South,TX,TX-31,141671,75-79,Black,BA/BS,Female,A good deal,1
West,NM,NM-03,141672,45-49,White,Some College,Female,Some,0
Midwest,MO,MO-06,141673,35-39,White,BA/BS,Female,Not much,0
Northeast,MA,MA-06,141674,45-49,White,Postgrad,Female,A good deal,1
West,CA,CA-07,141675,65-69,Black,BA/BS,Female,A good deal,1
South,AL,AL-04,141677,55-59,Black,Some College,Female,Some,0
South,FL,FL-04,141678,65-69,White,HS or less,Female,Some,0
South,VA,VA-04,141680,75-79,White,BA/BS,Female,A good deal,1
Midwest,IL,IL-11,141681,70-74,Hispanic,Some College,Female,Not much,0
Northeast,NY,NY-05,141682,60-64,Black,BA/BS,Female,A good deal,1
South,GA,GA-01,141683,55-59,White,Some College,Male,Some,0
West,CO,CO-04,141684,50-54,White,Some College,Female,Not much,0
South,MD,MD-07,141685,65-69,Black,HS or less,Male,Some,0
West,CO,CO-08,141686,50-54,Hispanic,HS or less,Male,Some,0
Midwest,MN,MN-06,141687,70-74,White,BA/BS,Female,A good deal,1
South,GA,GA-01,141688,50-54,Black,BA/BS,Male,Some,0
South,AR,AR-03,141689,60-64,White,HS or less,Male,Some,0
South,VA,VA-01,141690,55-59,White,Some College,Female,Some,0
South,FL,FL-08,141692,30-34,Hispanic,BA/BS,Male,A good deal,1
West,OR,OR-06,141696,75-79,White,Postgrad,Male,A good deal,1
South,MD,MD-06,141698,65-69,White,Postgrad,Male,Some,0
Midwest,IN,IN-04,141699,45-49,White,BA/BS,Female,Some,0
Midwest,KS,KS-01,141701,70-74,Black,HS or less,Male,Some,0
Northeast,PA,PA-09,141702,60-64,White,Some College,Male,A good deal,1
West,UT,UT-04,141703,70-74,White,HS or less,Male,Some,0
South,FL,FL-19,141704,45-49,White,Postgrad,Female,Some,0
South,MD,MD-06,141705,80 plus,White,Some College,Female,A good deal,1
South,MD,MD-05,141706,40-44,White,HS or less,Male,Some,0
South,MD,MD-06,141707,40-44,White,Some College,Female,Some,0
DC,DC,DC-98,141708,80 plus,Black,HS or less,Female,A good deal,1
West,CA,CA-36,141709,75-79,White,Postgrad,Male,A good deal,1
Northeast,MA,MA-01,141710,65-69,White,Some College,Female,Some,0
South,GA,GA-10,141711,60-64,White,Some College,Male,A good deal,1
DC,DC,DC-98,141712,50-54,White,Postgrad,Female,Some,0
South,MD,MD-03,141713,30-34,White,Some College,Female,Not much,0
South,MS,MS-02,141714,55-59,Black,Some College,Female,A good deal,1
Midwest,OH,OH-01,141715,80 plus,White,HS or less,Male,A good deal,1
Midwest,MN,MN-01,141716,60-64,White,Some College,Female,Some,0
South,TX,TX-16,141718,30-34,Hispanic,HS or less,Male,Some,0
Midwest,IA,IA-02,141719,35-39,White,BA/BS,Female,Some,0
West,NM,NM-01,141720,60-64,White,Some College,Male,Not much,0
South,SC,SC-02,141723,35-39,Black,BA/BS,Male,Not much,0
West,CO,CO-05,141725,75-79,White,BA/BS,Male,A good deal,1
Northeast,CT,CT-04,141727,75-79,White,BA/BS,Male,A good deal,1
South,VA,VA-08,141728,50-54,White,HS or less,Female,Some,0
South,AL,AL-04,141729,30-34,White,Some College,Female,A good deal,1
Northeast,NJ,NJ-07,141730,80 plus,White,BA/BS,Female,Some,0
Midwest,IL,IL-05,141732,75-79,White,Postgrad,Female,Some,0
South,VA,VA-06,141733,65-69,White,Some College,Male,Some,0
West,CA,CA-42,141739,60-64,Hispanic,HS or less,Female,Some,0
Midwest,IL,IL-10,141740,30-34,Black,Some College,Male,A good deal,1
South,TX,TX-38,141741,50-54,Hispanic,Postgrad,Male,A good deal,1
West,CA,CA-32,141742,60-64,Hispanic,HS or less,Male,Some,0
South,TX,TX-13,141744,40-44,White,Some College,Female,Some,0
South,FL,FL-07,141745,40-44,Hispanic,HS or less,Female,A good deal,1
South,LA,LA-06,141746,30-34,White,BA/BS,Female,Some,0
Midwest,IN,IN-05,141747,50-54,White,BA/BS,Male,A good deal,1
West,UT,UT-02,141748,80 plus,White,HS or less,Male,A good deal,1
Northeast,MA,MA-01,141749,55-59,White,HS or less,Male,Some,0
Midwest,OH,OH-04,141750,45-49,White,Postgrad,Female,Some,0
Northeast,NY,NY-03,141751,60-64,White,Postgrad,Male,A good deal,1
Northeast,MA,MA-02,141752,50-54,White,Postgrad,Male,Some,0
South,GA,GA-07,141753,70-74,White,BA/BS,Male,A good deal,1
Northeast,PA,PA-05,141756,80 plus,White,Some College,Female,A good deal,1
South,NC,NC-02,141757,75-79,Black,BA/BS,Female,Some,0
South,VA,VA-08,141758,50-54,White,Postgrad,Female,Some,0
Northeast,CT,CT-01,141759,40-44,White,BA/BS,Male,Not much,0
West,CA,CA-16,141760,55-59,Asian,Postgrad,Male,Some,0
Northeast,NY,NY-21,141761,65-69,White,BA/BS,Female,Some,0
Midwest,MI,MI-07,141762,70-74,White,HS or less,Female,Some,0
South,TN,TN-03,141763,50-54,White,Some College,Male,Some,0
South,TN,TN-07,141764,30-34,White,Some College,Female,Not much,0
South,AR,AR-02,141767,50-54,White,BA/BS,Male,A good deal,1
West,CA,CA-08,141769,80 plus,White,Some College,Male,Some,0
West,ID,ID-02,141770,65-69,White,BA/BS,Male,A good deal,1
Midwest,IL,IL-12,141771,60-64,White,HS or less,Male,Not much,0
Northeast,PA,PA-12,141772,75-79,White,HS or less,Female,A good deal,1
West,WA,WA-06,141773,25-29,Asian,BA/BS,Male,A good deal,1
West,CA,CA-07,141776,25-29,Hispanic,Some College,Male,Some,0
West,AZ,AZ-06,141777,60-64,White,HS or less,Male,Some,0
South,TX,TX-24,141778,35-39,White,Postgrad,Male,Not much,0
South,GA,GA-07,141780,65-69,White,Some College,Female,A good deal,1
Northeast,PA,PA-07,141783,55-59,Hispanic,Some College,Female,Some,0
South,NC,NC-04,141785,40-44,White,Postgrad,Male,A good deal,1
Midwest,MN,MN-03,141786,55-59,White,Postgrad,Male,Some,0
Midwest,OH,OH-04,141787,75-79,White,HS or less,Male,Some,0
West,CA,CA-51,141788,75-79,White,BA/BS,Female,A good deal,1
Midwest,KS,KS-04,141790,55-59,White,BA/BS,Male,Some,0
West,CA,CA-38,141792,70-74,White,Postgrad,Female,A good deal,1
South,KY,KY-02,141793,70-74,White,Postgrad,Female,Not much,0
Northeast,PA,PA-04,141794,25-29,Other,BA/BS,Male,Not much,0
South,TX,TX-05,141795,25-29,White,BA/BS,Male,Some,0
South,KY,KY-01,141797,80 plus,White,BA/BS,Male,A good deal,1
Midwest,MI,MI-01,141798,55-59,White,Some College,Male,Some,0
Midwest,OH,OH-01,141799,35-39,Asian,Postgrad,Female,Some,0
South,NC,NC-01,141800,45-49,White,Some College,Female,Not much,0
Northeast,MA,MA-02,141801,70-74,Hispanic,BA/BS,Male,A good deal,1
Northeast,PA,PA-04,141803,70-74,White,Postgrad,Female,Some,0
Midwest,MI,MI-05,141804,80 plus,White,BA/BS,Female,A good deal,1
West,CO,CO-01,141806,65-69,Other,Some College,Female,Some,0
West,CO,CO-04,141807,60-64,Hispanic,HS or less,Male,Some,0
South,KY,KY-03,141808,35-39,White,BA/BS,Male,Not much,0
South,TX,TX-32,141810,70-74,White,BA/BS,Female,Not much,0
West,ID,ID-01,141811,60-64,White,HS or less,Male,Some,0
South,VA,VA-11,141812,45-49,White,BA/BS,Female,Some,0
South,KY,KY-02,141813,25-29,White,Some College,Female,Some,0
South,MD,MD-02,141814,30-34,Black,HS or less,Female,Some,0
Midwest,MO,MO-02,141815,65-69,Black,HS or less,Male,Some,0
South,TN,TN-01,141816,70-74,White,HS or less,Female,Some,0
South,FL,FL-01,141817,50-54,Other,BA/BS,Female,Not much,0
Midwest,OH,OH-14,141818,60-64,Other,HS or less,Male,Some,0
Northeast,MA,MA-05,141820,45-49,White,Postgrad,Female,Some,0
Midwest,MI,MI-10,141821,70-74,White,Some College,Male,A good deal,1
South,FL,FL-20,141822,45-49,Black,HS or less,Female,Some,0
Midwest,IL,IL-05,141823,55-59,White,BA/BS,Male,Some,0
South,TX,TX-07,141824,65-69,White,BA/BS,Female,A good deal,1
West,CO,CO-02,141825,75-79,White,BA/BS,Female,A good deal,1
South,FL,FL-14,141826,65-69,Black,Postgrad,Male,A good deal,1
South,MS,MS-02,141828,50-54,Black,BA/BS,Female,A good deal,1
Midwest,IL,IL-16,141829,60-64,White,Some College,Male,Not much,0
South,SC,SC-01,141830,80 plus,White,BA/BS,Male,A good deal,1
West,HI,HI-02,141832,80 plus,White,Postgrad,Male,Some,0
South,SC,SC-07,141833,70-74,White,Some College,Male,Some,0
South,OK,OK-01,141834,50-54,Other,Postgrad,Female,Some,0
South,TN,TN-07,141835,80 plus,White,HS or less,Male,Some,0
West,CA,CA-41,141836,70-74,White,Postgrad,Female,A good deal,1
South,FL,FL-01,141838,30-34,Black,Some College,Female,Some,0
South,OK,OK-05,141839,80 plus,White,HS or less,Male,Not much,0
West,NV,NV-03,141840,35-39,White,HS or less,Female,Some,0
South,FL,FL-26,141842,50-54,Hispanic,Some College,Female,Some,0
Northeast,NH,NH-01,141843,75-79,White,BA/BS,Female,Some,0
Northeast,MA,MA-09,141844,50-54,White,HS or less,Female,Some,0
Northeast,NJ,NJ-01,141845,55-59,White,BA/BS,Female,Some,0
South,FL,FL-22,141846,70-74,White,Postgrad,Male,Some,0
West,CA,CA-38,141849,30-34,Asian,Postgrad,Female,Some,0
South,FL,FL-07,141852,70-74,Black,Some College,Female,A good deal,1
Midwest,NE,NE-03,141853,65-69,White,BA/BS,Male,A good deal,1
West,CA,CA-35,141854,25-29,Hispanic,BA/BS,Female,Some,0
West,WA,WA-07,141855,45-49,White,Postgrad,Male,Not much,0
West,ID,ID-02,141856,25-29,Hispanic,BA/BS,Female,Some,0
West,AZ,AZ-09,141857,65-69,White,Some College,Male,A good deal,1
West,CA,CA-52,141858,45-49,Hispanic,HS or less,Female,Not much,0
South,VA,VA-11,141861,35-39,White,BA/BS,Female,Some,0
Midwest,WI,WI-05,141862,35-39,White,HS or less,Male,Not much,0
Northeast,PA,PA-15,141863,30-34,White,Some College,Male,Not much,0
West,WA,WA-03,141865,40-44,Asian,Some College,Female,Some,0
South,NC,NC-04,141868,30-34,Other,BA/BS,Male,Some,0
West,CA,CA-45,141869,50-54,Hispanic,Some College,Female,A good deal,1
Northeast,NJ,NJ-02,141870,55-59,White,Some College,Female,A good deal,1
West,WA,WA-06,141871,65-69,White,Some College,Male,Some,0
South,NC,NC-02,141872,40-44,White,Postgrad,Female,Some,0
Midwest,IA,IA-02,141873,70-74,White,BA/BS,Male,Some,0
South,TX,TX-05,141875,25-29,Hispanic,HS or less,Female,Not much,0
Midwest,WI,WI-08,141876,65-69,White,Some College,Female,Some,0
Northeast,CT,CT-05,141877,25-29,White,Some College,Male,Some,0
South,FL,FL-17,141879,70-74,White,HS or less,Male,A good deal,1
West,CA,CA-21,141880,30-34,Hispanic,HS or less,Male,Some,0
South,GA,GA-05,141882,35-39,White,Postgrad,Male,Some,0
Midwest,IN,IN-02,141883,30-34,White,BA/BS,Male,A good deal,1
Midwest,IL,IL-15,141884,65-69,Other,HS or less,Female,A good deal,1
Midwest,MI,MI-13,141885,80 plus,Black,Some College,Female,Some,0
South,AR,AR-03,141886,50-54,White,Some College,Male,Not much,0
Midwest,KS,KS-02,141887,70-74,White,Some College,Female,Some,0
Midwest,MI,MI-07,141890,80 plus,White,Postgrad,Male,A good deal,1
South,NC,NC-08,141891,65-69,White,Some College,Female,Some,0
Northeast,NY,NY-20,141892,40-44,White,Postgrad,Female,Some,0
West,WA,WA-07,141893,80 plus,White,Some College,Male,A good deal,1
West,CA,CA-10,141894,40-44,White,Some College,Male,Some,0
Northeast,VT,VT-00,141895,70-74,White,Some College,Male,A good deal,1
West,CO,CO-04,141897,80 plus,White,Some College,Female,Some,0
Midwest,MN,MN-08,141898,50-54,White,Postgrad,Male,Some,0
South,NC,NC-01,141899,75-79,White,Some College,Male,Some,0
South,TX,TX-24,141901,60-64,White,Some College,Female,Some,0
South,TN,TN-03,141902,70-74,White,Some College,Male,Not much,0
West,CA,CA-18,141903,80 plus,White,BA/BS,Male,A good deal,1
Midwest,MN,MN-06,141904,45-49,White,Some College,Female,Some,0
South,WV,WV-01,141905,55-59,White,HS or less,Female,Not much,0
West,CA,CA-19,141906,65-69,White,Postgrad,Male,Some,0
Northeast,MA,MA-07,141907,50-54,White,BA/BS,Female,Some,0
South,AL,AL-01,141908,40-44,White,HS or less,Male,Not much,0
Northeast,NJ,NJ-11,141911,80 plus,White,Postgrad,Male,Some,0
Midwest,MO,MO-01,141912,45-49,White,Some College,Male,Not much,0
South,FL,FL-17,141913,45-49,Asian,Some College,Male,A good deal,1
South,NC,NC-06,141914,45-49,White,Some College,Female,Not much,0
South,AL,AL-05,141915,50-54,Other,Some College,Female,Some,0
Midwest,MO,MO-01,141916,40-44,White,Postgrad,Female,A good deal,1
South,MD,MD-08,141918,55-59,White,Postgrad,Female,Not much,0
South,TN,TN-07,141919,75-79,White,Postgrad,Male,A good deal,1
West,CA,CA-40,141920,65-69,White,Postgrad,Female,Some,0
Northeast,NJ,NJ-04,141924,50-54,White,HS or less,Female,Some,0
Midwest,IL,IL-14,141928,70-74,White,HS or less,Female,Some,0
Northeast,NJ,NJ-04,141929,70-74,White,Some College,Female,A good deal,1
Northeast,MA,MA-02,141931,65-69,Hispanic,HS or less,Female,Some,0
Midwest,KS,KS-03,141932,40-44,Hispanic,Postgrad,Female,Not much,0
Northeast,NJ,NJ-07,141933,50-54,White,Postgrad,Male,A good deal,1
West,CO,CO-01,141935,75-79,White,Postgrad,Male,A good deal,1
South,NC,NC-14,141936,75-79,White,Some College,Female,A good deal,1
West,ID,ID-02,141937,55-59,Other,BA/BS,Female,Some,0
West,CA,CA-22,141938,25-29,Hispanic,Some College,Female,Some,0
West,WA,WA-03,141939,75-79,White,Some College,Female,Some,0
South,MD,MD-03,141941,60-64,White,BA/BS,Female,Some,0
South,MD,MD-06,141942,65-69,White,HS or less,Male,A good deal,1
South,TX,TX-27,141946,60-64,White,Some College,Female,A good deal,1
South,TN,TN-03,141947,50-54,White,HS or less,Female,Not much,0
Northeast,PA,PA-04,141949,75-79,White,BA/BS,Male,A good deal,1
West,MT,MT-02,141950,30-34,White,BA/BS,Female,Not much,0
Midwest,WI,WI-06,141951,65-69,White,Some College,Male,Some,0
South,MD,MD-07,141952,50-54,White,Some College,Male,Some,0
South,TX,TX-08,141953,45-49,Black,Some College,Male,Not much,0
Midwest,OH,OH-03,141954,35-39,White,Postgrad,Female,Some,0
West,WA,WA-06,141955,80 plus,White,BA/BS,Female,A good deal,1
West,CA,CA-01,141958,35-39,White,Some College,Female,Some,0
Northeast,PA,PA-07,141959,35-39,White,BA/BS,Female,Some,0
South,SC,SC-05,141960,35-39,White,BA/BS,Male,Some,0
Northeast,PA,PA-05,141961,25-29,Other,Some College,Male,Not much,0
West,CO,CO-03,141962,30-34,White,Postgrad,Female,Not much,0
Midwest,MN,MN-03,141964,65-69,White,BA/BS,Male,Not much,0
Northeast,NJ,NJ-09,141965,75-79,White,Some College,Male,A good deal,1
Northeast,NJ,NJ-12,141966,45-49,Hispanic,BA/BS,Male,A good deal,1
Midwest,MI,MI-04,141967,60-64,White,HS or less,Female,Some,0
South,GA,GA-07,141969,80 plus,White,Postgrad,Male,A good deal,1
Midwest,IN,IN-09,141970,65-69,White,Some College,Female,Not much,0
South,NC,NC-03,141971,30-34,Black,Some College,Female,Some,0
Midwest,MI,MI-01,141972,45-49,White,Some College,Female,Some,0
West,AZ,AZ-06,141973,60-64,White,Some College,Male,Some,0
Midwest,IN,IN-06,141975,60-64,White,Some College,Female,Not much,0
Northeast,PA,PA-11,141976,40-44,White,Some College,Female,A good deal,1
West,OR,OR-04,141977,25-29,White,Some College,Female,A good deal,1
Northeast,RI,RI-02,141978,35-39,Black,Postgrad,Male,Some,0
West,CA,CA-49,141979,65-69,White,Some College,Male,Some,0
South,VA,VA-11,141980,40-44,White,Postgrad,Male,Some,0
West,NM,NM-03,141981,50-54,White,Some College,Female,Not much,0
Midwest,WI,WI-08,141982,80 plus,Other,Some College,Female,Some,0
South,FL,FL-24,141983,50-54,Black,BA/BS,Female,A good deal,1
South,MD,MD-06,141984,35-39,White,BA/BS,Female,Not much,0
South,MD,MD-05,141985,70-74,White,Postgrad,Male,A good deal,1
South,VA,VA-11,141986,60-64,Asian,BA/BS,Female,Some,0
South,VA,VA-10,141987,45-49,White,Postgrad,Male,Some,0
Midwest,MO,MO-02,141988,40-44,White,Some College,Male,Not much,0
Midwest,OH,OH-01,141989,55-59,White,BA/BS,Female,Not much,0
South,GA,GA-04,141990,40-44,Black,BA/BS,Male,Some,0
Northeast,PA,PA-04,141991,45-49,White,Postgrad,Female,Not much,0
Midwest,IN,IN-03,141993,45-49,White,BA/BS,Female,Some,0
South,TN,TN-01,141994,75-79,White,HS or less,Female,A good deal,1
Northeast,MA,MA-05,141995,30-34,Hispanic,HS or less,Female,Some,0
South,NC,NC-10,141997,80 plus,White,Postgrad,Male,A good deal,1
South,LA,LA-02,141998,75-79,White,Some College,Male,A good deal,1
Northeast,PA,PA-08,142000,50-54,White,Postgrad,Male,Not much,0
South,FL,FL-14,142002,55-59,Hispanic,Postgrad,Female,Some,0
Northeast,NY,NY-21,142003,55-59,White,Some College,Male,Some,0
South,SC,SC-02,142004,40-44,White,Some College,Male,Some,0
Midwest,IL,IL-06,142005,50-54,White,HS or less,Female,Not much,0
Midwest,KS,KS-04,142006,60-64,White,BA/BS,Male,A good deal,1
South,GA,GA-09,142007,30-34,White,BA/BS,Male,A good deal,1
Midwest,OH,OH-12,142008,50-54,White,Some College,Female,Some,0
South,FL,FL-19,142009,65-69,White,HS or less,Female,Some,0
Northeast,PA,PA-16,142010,75-79,White,HS or less,Male,A good deal,1
Northeast,PA,PA-03,142011,65-69,Black,Postgrad,Male,A good deal,1
Midwest,WI,WI-01,142012,25-29,White,BA/BS,Male,Not much,0
South,TX,TX-17,142013,65-69,White,Some College,Male,A good deal,1
Northeast,VT,VT-00,142014,75-79,White,Postgrad,Male,Some,0
West,AZ,AZ-04,142016,65-69,White,BA/BS,Female,Some,0
Midwest,WI,WI-06,142017,55-59,White,HS or less,Male,Some,0
Midwest,NE,NE-03,142019,80 plus,White,Some College,Female,Some,0
Northeast,NJ,NJ-04,142020,65-69,White,BA/BS,Female,Some,0
Northeast,NY,NY-22,142021,70-74,White,HS or less,Male,A good deal,1
Northeast,NY,NY-17,142022,80 plus,White,Some College,Male,Not much,0
Northeast,NH,NH-01,142023,80 plus,White,HS or less,Male,Not much,0
South,AR,AR-04,142027,45-49,White,HS or less,Male,Not much,0
West,CA,CA-30,142031,35-39,White,BA/BS,Male,Some,0
Midwest,IN,IN-07,142032,55-59,White,Some College,Female,Some,0
Midwest,MN,MN-06,142033,70-74,White,HS or less,Female,Some,0
Northeast,MA,MA-06,142034,40-44,Hispanic,Some College,Male,A good deal,1
Northeast,NY,NY-22,142035,80 plus,White,Postgrad,Male,Some,0
Northeast,NJ,NJ-12,142036,50-54,Black,Some College,Male,Some,0
Midwest,WI,WI-04,142038,55-59,White,HS or less,Male,Some,0
South,TX,TX-35,142043,35-39,White,BA/BS,Female,Some,0
South,MD,MD-07,142044,60-64,Black,BA/BS,Male,Not much,0
Northeast,NY,NY-17,142045,70-74,Asian,Some College,Male,Some,0
Northeast,NY,NY-10,142046,65-69,White,BA/BS,Male,Some,0
South,FL,FL-17,142047,75-79,White,Some College,Female,Not much,0
West,WA,WA-02,142048,40-44,Hispanic,Some College,Male,A good deal,1
Northeast,NY,NY-19,142049,25-29,White,BA/BS,Male,Some,0
South,TX,TX-31,142050,45-49,Asian,Postgrad,Female,Some,0
Midwest,MI,MI-07,142053,45-49,Hispanic,Some College,Female,A good deal,1
Midwest,IL,IL-13,142055,45-49,White,HS or less,Female,Some,0
Midwest,IN,IN-09,142057,70-74,White,HS or less,Female,Some,0
Northeast,NJ,NJ-07,142059,55-59,White,Postgrad,Female,Not much,0
South,GA,GA-13,142060,50-54,Black,HS or less,Male,A good deal,1
South,MD,MD-05,142061,40-44,White,Postgrad,Male,Some,0
Midwest,OH,OH-13,142062,30-34,White,BA/BS,Female,A good deal,1
DC,DC,DC-98,142065,55-59,Black,BA/BS,Female,A good deal,1
Northeast,NY,NY-20,142066,65-69,Asian,Postgrad,Male,A good deal,1
West,NM,NM-01,142067,60-64,Hispanic,BA/BS,Male,A good deal,1
Midwest,KS,KS-01,142068,40-44,White,BA/BS,Female,Some,0
Northeast,NY,NY-14,142069,65-69,White,BA/BS,Female,A good deal,1
Midwest,WI,WI-06,142070,35-39,Other,BA/BS,Female,Not much,0
West,AZ,AZ-09,142071,80 plus,White,Some College,Male,Not much,0
Northeast,CT,CT-02,142072,70-74,White,Some College,Female,A good deal,1
South,FL,FL-12,142073,70-74,White,Some College,Male,Not much,0
Northeast,PA,PA-08,142074,40-44,White,HS or less,Female,Some,0
South,KY,KY-01,142075,35-39,Black,Some College,Female,Not much,0
Northeast,PA,PA-08,142077,80 plus,White,Some College,Male,A good deal,1
Midwest,OH,OH-08,142078,50-54,White,Some College,Male,Some,0
West,CA,CA-20,142079,45-49,White,BA/BS,Male,Some,0
West,CA,CA-30,142080,40-44,White,BA/BS,Male,Some,0
West,WA,WA-05,142081,55-59,White,BA/BS,Female,A good deal,1
DC,DC,DC-98,142082,35-39,White,Postgrad,Female,Not much,0
South,NC,NC-05,142083,60-64,White,Some College,Male,Some,0
Midwest,MI,MI-03,142084,60-64,White,Some College,Male,Some,0
West,UT,UT-04,142085,50-54,White,BA/BS,Female,Not much,0
South,TX,TX-02,142086,45-49,White,Some College,Female,Some,0
West,HI,HI-01,142087,75-79,Asian,BA/BS,Female,Some,0
Midwest,MI,MI-10,142089,35-39,White,HS or less,Male,Some,0
South,FL,FL-05,142090,30-34,White,Some College,Male,A good deal,1
West,AZ,AZ-05,142091,50-54,White,BA/BS,Male,Some,0
South,TX,TX-19,142092,35-39,Hispanic,Some College,Female,A good deal,1
Northeast,PA,PA-11,142093,35-39,White,HS or less,Male,Not much,0
South,OK,OK-01,142095,40-44,White,BA/BS,Male,A good deal,1
West,CA,CA-19,142096,45-49,White,Postgrad,Female,Some,0
Northeast,PA,PA-04,142097,80 plus,White,Postgrad,Male,A good deal,1
West,CO,CO-06,142098,55-59,White,Some College,Male,Not much,0
South,MD,MD-06,142099,55-59,Black,Postgrad,Female,A good deal,1
South,KY,KY-04,142101,65-69,White,HS or less,Female,Not much,0
Midwest,MI,MI-02,142102,25-29,White,BA/BS,Female,Not much,0
South,NC,NC-08,142104,65-69,White,Some College,Female,Some,0
South,TN,TN-01,142105,45-49,White,BA/BS,Female,A good deal,1
South,TX,TX-06,142107,65-69,White,Postgrad,Female,Some,0
Midwest,KS,KS-03,142109,60-64,White,Some College,Male,A good deal,1
West,CA,CA-19,142110,45-49,White,Postgrad,Male,Some,0
West,AZ,AZ-07,142111,35-39,White,Postgrad,Male,Not much,0
South,DE,DE-00,142112,80 plus,White,HS or less,Male,Not much,0
Midwest,MI,MI-05,142113,55-59,White,HS or less,Male,Not much,0
South,MS,MS-04,142114,65-69,Other,Some College,Male,Some,0
Midwest,IL,IL-16,142115,40-44,White,Some College,Female,Some,0
Midwest,OH,OH-12,142116,60-64,White,BA/BS,Male,Some,0
Midwest,MI,MI-03,142117,65-69,White,Some College,Male,Some,0
South,LA,LA-03,142118,40-44,Other,Some College,Female,A good deal,1
Midwest,MN,MN-07,142119,35-39,White,BA/BS,Female,Some,0
West,CA,CA-33,142120,45-49,Black,BA/BS,Female,Some,0
Northeast,MA,MA-05,142121,30-34,Asian,BA/BS,Male,Some,0
South,AL,AL-07,142122,35-39,Black,HS or less,Female,A good deal,1
South,VA,VA-06,142125,50-54,White,Some College,Male,A good deal,1
West,HI,HI-01,142127,50-54,White,HS or less,Male,Some,0
Midwest,KS,KS-01,142128,75-79,White,Some College,Male,Not much,0
Midwest,WI,WI-01,142129,35-39,White,Postgrad,Male,Some,0
South,NC,NC-11,142130,65-69,White,Some College,Female,Some,0
South,MS,MS-04,142131,25-29,White,Postgrad,Female,Not much,0
Northeast,PA,PA-02,142132,55-59,Asian,Postgrad,Male,A good deal,1
South,MD,MD-06,142134,55-59,Black,Postgrad,Female,A good deal,1
Midwest,IL,IL-06,142135,55-59,White,Some College,Male,Some,0
West,CA,CA-26,142137,65-69,White,Postgrad,Female,Some,0
DC,DC,DC-98,142138,55-59,Hispanic,Postgrad,Female,Some,0
South,VA,VA-06,142139,45-49,White,Postgrad,Female,Some,0
South,GA,GA-05,142141,45-49,White,BA/BS,Female,Some,0
Midwest,MO,MO-03,142142,80 plus,White,Postgrad,Male,A good deal,1
Midwest,WI,WI-05,142143,60-64,White,HS or less,Male,Not much,0
South,TX,TX-17,142144,50-54,Hispanic,Some College,Female,Some,0
South,FL,FL-02,142145,60-64,White,HS or less,Male,Some,0
West,CA,CA-36,142146,45-49,White,Some College,Female,Some,0
Midwest,MI,MI-04,142147,40-44,White,Postgrad,Male,Some,0
Northeast,MA,MA-03,142148,30-34,Other,BA/BS,Male,A good deal,1
Northeast,NH,NH-02,142150,65-69,White,HS or less,Male,Not much,0
South,TX,TX-28,142153,65-69,Hispanic,BA/BS,Female,Some,0
Northeast,NH,NH-01,142154,75-79,White,HS or less,Female,Not much,0
Northeast,PA,PA-14,142160,40-44,White,BA/BS,Female,Some,0
Midwest,IN,IN-06,142161,25-29,White,HS or less,Female,Some,0
Northeast,NH,NH-01,142162,70-74,White,Some College,Female,Some,0
South,SC,SC-05,142163,65-69,Black,Some College,Male,A good deal,1
South,AR,AR-01,142168,70-74,White,BA/BS,Female,Some,0
South,FL,FL-10,142169,25-29,White,BA/BS,Male,Some,0
Midwest,MN,MN-07,142170,65-69,White,Some College,Male,Not much,0
South,FL,FL-05,142171,65-69,White,Postgrad,Female,Some,0
South,LA,LA-06,142172,40-44,Black,Some College,Female,Some,0
South,FL,FL-10,142175,55-59,White,BA/BS,Female,Not much,0
West,CA,CA-06,142176,65-69,Black,BA/BS,Female,Some,0
South,MS,MS-01,142177,50-54,White,Some College,Male,Some,0
South,AR,AR-01,142178,65-69,White,Some College,Male,Some,0
South,TX,TX-17,142179,50-54,White,HS or less,Female,Some,0
South,VA,VA-09,142180,40-44,White,HS or less,Female,Some,0
West,CA,CA-24,142182,35-39,White,Postgrad,Male,Some,0
Midwest,KS,KS-04,142183,55-59,White,Some College,Female,A good deal,1
South,WV,WV-01,142185,65-69,White,HS or less,Female,Some,0
South,TX,TX-06,142187,35-39,White,BA/BS,Male,Some,0
Midwest,MO,MO-05,142190,70-74,White,Some College,Male,Some,0
Midwest,IN,IN-07,142191,80 plus,White,Some College,Female,A good deal,1
Midwest,WI,WI-01,142192,50-54,White,Some College,Male,Some,0
Midwest,OH,OH-08,142193,80 plus,White,Postgrad,Male,Some,0
Northeast,MA,MA-09,142194,50-54,White,BA/BS,Female,A good deal,1
Midwest,IN,IN-07,142195,75-79,White,BA/BS,Male,Some,0
Midwest,IN,IN-06,142196,65-69,White,HS or less,Male,Some,0
Northeast,PA,PA-01,142198,45-49,White,Some College,Female,Not much,0
Northeast,PA,PA-06,142200,30-34,White,HS or less,Male,Not much,0
South,TN,TN-02,142201,55-59,White,Postgrad,Female,Some,0
Midwest,KS,KS-04,142202,45-49,White,Some College,Male,Some,0
Midwest,KS,KS-04,142203,70-74,White,Postgrad,Female,Some,0
South,TX,TX-33,142207,75-79,Black,Postgrad,Female,A good deal,1
West,CA,CA-48,142209,60-64,White,BA/BS,Female,A good deal,1
Midwest,OH,OH-14,142210,80 plus,White,Some College,Female,A good deal,1
Midwest,OH,OH-14,142213,35-39,White,BA/BS,Male,Not much,0
South,OK,OK-01,142214,70-74,Black,HS or less,Female,Not much,0
Midwest,WI,WI-03,142215,30-34,White,Some College,Female,Some,0
Midwest,IL,IL-12,142216,75-79,White,HS or less,Female,Not much,0
South,LA,LA-04,142217,40-44,White,HS or less,Male,A good deal,1
Northeast,NY,NY-22,142218,70-74,White,Postgrad,Male,Some,0
South,GA,GA-12,142219,60-64,White,Postgrad,Female,A good deal,1
West,ID,ID-01,142220,75-79,Hispanic,BA/BS,Female,A good deal,1
West,CA,CA-20,142222,80 plus,White,Some College,Female,A good deal,1
South,NC,NC-03,142223,45-49,White,BA/BS,Female,Not much,0
Midwest,MI,MI-02,142224,60-64,White,HS or less,Female,Some,0
South,NC,NC-14,142225,35-39,White,Postgrad,Female,Not much,0
South,FL,FL-06,142226,70-74,White,Some College,Female,Some,0
Northeast,NJ,NJ-11,142228,45-49,White,BA/BS,Male,Not much,0
DC,DC,DC-98,142229,80 plus,White,Postgrad,Male,A good deal,1
West,UT,UT-03,142233,35-39,White,BA/BS,Female,A good deal,1
West,CA,CA-27,142234,55-59,Asian,Postgrad,Male,Some,0
West,CA,CA-01,142235,75-79,Asian,BA/BS,Male,A good deal,1
South,KY,KY-06,142237,35-39,White,BA/BS,Female,Not much,0
South,GA,GA-10,142238,60-64,White,HS or less,Female,A good deal,1
Northeast,CT,CT-01,142239,40-44,Black,BA/BS,Female,Some,0
Midwest,MO,MO-05,142240,55-59,White,BA/BS,Female,Some,0
South,TX,TX-24,142242,35-39,White,Postgrad,Female,Some,0
Northeast,PA,PA-09,142243,75-79,White,HS or less,Female,Not much,0
Midwest,IN,IN-08,142247,70-74,White,Some College,Female,Some,0
South,OK,OK-05,142248,65-69,White,Postgrad,Female,Some,0
Midwest,MO,MO-07,142249,60-64,White,HS or less,Male,A good deal,1
South,OK,OK-05,142251,40-44,White,Some College,Female,Some,0
South,GA,GA-09,142254,45-49,White,BA/BS,Female,Some,0
Northeast,NJ,NJ-07,142255,60-64,White,Some College,Male,A good deal,1
South,TX,TX-34,142258,70-74,Hispanic,Postgrad,Female,A good deal,1
Northeast,MA,MA-08,142259,40-44,White,Postgrad,Male,Some,0
Northeast,MA,MA-07,142261,50-54,White,BA/BS,Male,A good deal,1
West,WA,WA-01,142262,40-44,White,Some College,Male,Some,0
Northeast,PA,PA-15,142263,50-54,White,HS or less,Male,Not much,0
West,CO,CO-02,142266,60-64,White,Postgrad,Female,A good deal,1
South,TX,TX-28,142267,70-74,Hispanic,Some College,Female,A good deal,1
West,CA,CA-01,142269,75-79,White,HS or less,Male,Some,0
South,VA,VA-06,142270,25-29,White,HS or less,Female,A good deal,1
South,TN,TN-04,142271,55-59,White,Postgrad,Female,Some,0
Northeast,NJ,NJ-04,142272,65-69,White,Some College,Male,Not much,0
South,SC,SC-01,142273,40-44,White,Postgrad,Female,A good deal,1
South,TN,TN-03,142274,55-59,White,HS or less,Female,A good deal,1
Midwest,KS,KS-03,142275,45-49,White,BA/BS,Female,Some,0
South,OK,OK-04,142277,70-74,White,HS or less,Female,Some,0
South,NC,NC-03,142278,55-59,White,BA/BS,Female,Some,0
South,MD,MD-08,142279,65-69,Other,Some College,Male,A good deal,1
Midwest,OH,OH-13,142281,55-59,White,Some College,Female,A good deal,1
Midwest,WI,WI-05,142282,75-79,White,Postgrad,Female,Some,0
West,OR,OR-02,142283,65-69,White,Postgrad,Female,A good deal,1
South,TN,TN-02,142284,65-69,White,BA/BS,Female,A good deal,1
South,NC,NC-06,142285,50-54,Other,Some College,Female,Not much,0
West,WY,WY-00,142286,25-29,White,HS or less,Male,Not much,0
Midwest,IN,IN-09,142287,75-79,White,Some College,Female,Some,0
West,AZ,AZ-08,142288,80 plus,White,HS or less,Male,Some,0
Midwest,NE,NE-01,142289,60-64,White,HS or less,Male,Some,0
Northeast,NJ,NJ-11,142292,35-39,White,BA/BS,Female,Some,0
South,OK,OK-05,142293,40-44,White,Some College,Male,Not much,0
South,GA,GA-06,142294,75-79,Black,Postgrad,Female,A good deal,1
South,MD,MD-06,142296,45-49,White,BA/BS,Female,Some,0
Northeast,NJ,NJ-01,142297,60-64,Asian,BA/BS,Female,Not much,0
Northeast,MA,MA-08,142299,80 plus,White,Postgrad,Female,Some,0
South,VA,VA-04,142301,70-74,Black,BA/BS,Male,A good deal,1
Northeast,NJ,NJ-05,142302,65-69,White,BA/BS,Male,A good deal,1
Midwest,IL,IL-01,142304,40-44,Black,BA/BS,Female,Some,0
South,TX,TX-22,142305,25-29,Asian,BA/BS,Male,Some,0
South,KY,KY-01,142306,50-54,White,Some College,Female,Not much,0
South,NC,NC-06,142308,60-64,Black,Some College,Female,A good deal,1
West,CO,CO-02,142311,40-44,White,Postgrad,Male,A good deal,1
Midwest,MI,MI-11,142315,60-64,White,Some College,Female,A good deal,1
Northeast,PA,PA-06,142316,40-44,White,BA/BS,Female,Not much,0
Midwest,MI,MI-11,142317,30-34,White,Postgrad,Female,Some,0
Midwest,MI,MI-07,142318,75-79,White,Some College,Male,Not much,0
South,KY,KY-02,142319,40-44,White,Some College,Female,Some,0
South,MD,MD-06,142320,45-49,White,Postgrad,Female,Some,0
West,AZ,AZ-04,142321,65-69,White,Some College,Male,Some,0
Midwest,OH,OH-12,142322,45-49,White,HS or less,Female,Not much,0
Midwest,WI,WI-05,142323,60-64,White,Some College,Female,Not much,0
South,NC,NC-11,142325,60-64,Asian,Some College,Male,A good deal,1
South,VA,VA-09,142326,60-64,White,Some College,Female,A good deal,1
Northeast,NH,NH-01,142327,65-69,White,BA/BS,Female,Some,0
South,SC,SC-07,142328,25-29,Black,BA/BS,Female,A good deal,1
Midwest,OH,OH-12,142329,55-59,White,Some College,Male,Some,0
South,VA,VA-11,142330,80 plus,White,BA/BS,Female,Some,0
West,AZ,AZ-08,142332,30-34,Other,Postgrad,Female,Some,0
Midwest,MI,MI-12,142334,70-74,Black,BA/BS,Female,A good deal,1
Midwest,IL,IL-05,142336,70-74,White,HS or less,Male,Not much,0
Midwest,MO,MO-06,142337,50-54,White,Some College,Male,Some,0
South,SC,SC-04,142338,35-39,White,BA/BS,Male,Some,0
South,TX,TX-24,142339,40-44,White,BA/BS,Female,A good deal,1
West,CA,CA-07,142340,45-49,White,Postgrad,Female,Some,0
Midwest,WI,WI-02,142341,80 plus,White,Some College,Female,Some,0
Midwest,MN,MN-06,142342,30-34,White,Some College,Male,Not much,0
South,KY,KY-01,142343,55-59,White,Some College,Male,Not much,0
South,TX,TX-11,142345,35-39,Hispanic,HS or less,Female,Some,0
Midwest,IA,IA-01,142347,40-44,White,Postgrad,Female,Not much,0
South,TX,TX-15,142348,75-79,White,Some College,Female,Some,0
West,CA,CA-31,142350,45-49,Asian,Some College,Male,Some,0
South,TX,TX-01,142351,80 plus,White,BA/BS,Female,Not much,0
West,MT,MT-01,142352,35-39,White,Some College,Male,Not much,0
Northeast,RI,RI-01,142354,75-79,White,BA/BS,Female,Some,0
South,TX,TX-32,142356,55-59,Asian,Postgrad,Male,A good deal,1
West,CA,CA-12,142358,40-44,White,Postgrad,Male,A good deal,1
Midwest,MI,MI-13,142359,70-74,White,Some College,Male,A good deal,1
Northeast,PA,PA-03,142360,65-69,Black,HS or less,Female,Not much,0
Midwest,KS,KS-04,142361,50-54,White,Some College,Male,Some,0
West,CA,CA-50,142363,60-64,White,BA/BS,Male,Some,0
South,KY,KY-06,142364,30-34,White,Some College,Male,Not much,0
Midwest,IL,IL-10,142365,30-34,White,Postgrad,Male,Some,0
West,AZ,AZ-07,142366,50-54,Hispanic,BA/BS,Male,Not much,0
South,DE,DE-00,142367,55-59,White,Postgrad,Male,A good deal,1
South,FL,FL-06,142368,75-79,White,Postgrad,Male,Some,0
West,CA,CA-22,142369,35-39,Hispanic,Postgrad,Male,A good deal,1
Midwest,MI,MI-11,142371,60-64,White,Some College,Male,Some,0
South,TX,TX-24,142372,60-64,White,Some College,Male,Some,0
Northeast,RI,RI-01,142374,60-64,White,HS or less,Male,A good deal,1
Northeast,PA,PA-07,142375,35-39,White,Some College,Female,Not much,0
West,CA,CA-06,142376,45-49,White,HS or less,Male,Some,0
Northeast,PA,PA-04,142378,70-74,White,BA/BS,Male,Some,0
Northeast,CT,CT-01,142379,80 plus,White,Postgrad,Female,Some,0
Northeast,PA,PA-15,142380,50-54,White,Postgrad,Female,Some,0
West,NV,NV-03,142381,40-44,White,Postgrad,Female,Some,0
South,MS,MS-04,142383,60-64,Black,Some College,Female,Some,0
South,FL,FL-05,142384,45-49,White,BA/BS,Male,Some,0
Midwest,IA,IA-02,142385,25-29,White,Some College,Male,Not much,0
South,AL,AL-01,142387,60-64,Hispanic,Some College,Female,Some,0
Northeast,NY,NY-08,142388,45-49,White,Postgrad,Female,A good deal,1
Midwest,IA,IA-02,142389,60-64,White,BA/BS,Female,Not much,0
Northeast,NJ,NJ-06,142390,55-59,Asian,BA/BS,Female,Not much,0
South,MD,MD-06,142391,65-69,Hispanic,HS or less,Female,A good deal,1
West,CA,CA-52,142392,18-24,Hispanic,HS or less,Male,Not much,0
Midwest,WI,WI-01,142393,60-64,White,HS or less,Female,A good deal,1
West,CA,CA-42,142394,55-59,White,Some College,Male,Some,0
West,CO,CO-04,142395,70-74,White,HS or less,Male,Some,0
South,TN,TN-03,142396,55-59,White,Postgrad,Female,Some,0
Midwest,WI,WI-02,142397,40-44,White,Postgrad,Female,Some,0
West,CA,CA-04,142398,50-54,White,Some College,Male,Some,0
Midwest,IL,IL-13,142399,65-69,White,Some College,Female,Some,0
South,TX,TX-37,142400,35-39,White,Some College,Male,Not much,0
West,OR,OR-05,142403,55-59,White,HS or less,Female,Some,0
West,WA,WA-08,142404,40-44,White,Postgrad,Female,Some,0
Northeast,PA,PA-08,142405,40-44,White,BA/BS,Male,A good deal,1
Northeast,NY,NY-24,142406,40-44,White,Some College,Female,Some,0
Midwest,IL,IL-12,142407,45-49,White,Postgrad,Male,Some,0
Midwest,OH,OH-11,142408,45-49,White,Postgrad,Male,A good deal,1
Northeast,MA,MA-08,142409,40-44,White,HS or less,Female,Some,0
Midwest,IL,IL-05,142410,45-49,White,Postgrad,Male,Some,0
Midwest,MI,MI-01,142412,65-69,White,Some College,Female,A good deal,1
Midwest,IN,IN-07,142413,80 plus,Black,Some College,Female,Not much,0
South,OK,OK-05,142415,70-74,White,Some College,Male,A good deal,1
West,OR,OR-01,142416,80 plus,White,HS or less,Male,Not much,0
South,NC,NC-03,142417,60-64,White,BA/BS,Female,A good deal,1
South,AR,AR-03,142419,45-49,White,HS or less,Female,Some,0
South,TX,TX-35,142420,40-44,White,Postgrad,Female,Some,0
South,VA,VA-02,142421,50-54,Hispanic,Some College,Female,Not much,0
West,WA,WA-02,142423,75-79,White,Postgrad,Female,Some,0
Northeast,MA,MA-02,142425,55-59,Other,HS or less,Male,Some,0
Northeast,CT,CT-03,142426,40-44,White,Some College,Female,Not much,0
Midwest,IL,IL-12,142427,35-39,White,BA/BS,Male,Not much,0
South,TN,TN-02,142428,65-69,White,BA/BS,Female,A good deal,1
South,TX,TX-29,142429,25-29,Hispanic,Some College,Male,Some,0
South,TX,TX-05,142430,50-54,Black,Some College,Female,A good deal,1
South,NC,NC-11,142432,45-49,White,Postgrad,Female,Some,0
DC,DC,DC-98,142433,75-79,White,BA/BS,Female,Not much,0
Midwest,IA,IA-02,142434,70-74,Asian,Postgrad,Female,A good deal,1
South,AL,AL-06,142435,75-79,White,Some College,Male,Some,0
Northeast,RI,RI-01,142437,55-59,White,Some College,Male,Not much,0
Midwest,OH,OH-06,142438,75-79,White,Some College,Male,A good deal,1
West,WA,WA-05,142439,75-79,White,BA/BS,Female,Some,0
West,CA,CA-14,142440,60-64,White,BA/BS,Female,A good deal,1
South,NC,NC-09,142441,35-39,White,Postgrad,Male,A good deal,1
Northeast,NJ,NJ-02,142442,70-74,White,Some College,Male,Not much,0
Northeast,NY,NY-12,142443,75-79,White,Postgrad,Female,A good deal,1
West,NM,NM-01,142444,65-69,Other,Some College,Female,Some,0
West,CO,CO-07,142446,70-74,White,Postgrad,Male,Some,0
Midwest,IL,IL-13,142447,50-54,White,BA/BS,Female,Not much,0
Northeast,NH,NH-01,142449,35-39,White,BA/BS,Female,Some,0
Midwest,IL,IL-16,142451,55-59,White,BA/BS,Female,Some,0
Midwest,MO,MO-03,142452,55-59,White,BA/BS,Male,Some,0
Northeast,NJ,NJ-05,142453,35-39,White,Some College,Male,Some,0
Midwest,WI,WI-08,142454,60-64,White,Postgrad,Female,A good deal,1
South,FL,FL-09,142456,60-64,White,BA/BS,Male,Some,0
South,TX,TX-30,142457,45-49,White,HS or less,Female,Some,0
South,TX,TX-15,142458,35-39,Hispanic,BA/BS,Male,A good deal,1
South,NC,NC-09,142460,55-59,White,Some College,Female,A good deal,1
Midwest,IN,IN-07,142461,60-64,Black,Some College,Female,Some,0
West,UT,UT-02,142462,40-44,White,BA/BS,Male,A good deal,1
Northeast,MA,MA-02,142464,65-69,White,Postgrad,Male,A good deal,1
Midwest,MO,MO-05,142465,65-69,White,Postgrad,Female,Some,0
West,WA,WA-03,142466,65-69,White,Some College,Female,Some,0
South,GA,GA-02,142467,45-49,White,Some College,Male,Some,0
Midwest,ND,ND-00,142468,35-39,White,HS or less,Female,Not much,0
West,CA,CA-27,142469,45-49,Black,Some College,Female,Some,0
West,CO,CO-04,142470,55-59,White,BA/BS,Female,Some,0
Midwest,IL,IL-15,142471,40-44,White,Some College,Female,A good deal,1
South,MS,MS-03,142472,35-39,White,Postgrad,Female,Some,0
Northeast,PA,PA-02,142473,50-54,White,Postgrad,Female,A good deal,1
Northeast,CT,CT-04,142474,50-54,White,Postgrad,Female,Some,0
Northeast,CT,CT-04,142476,40-44,White,BA/BS,Male,A good deal,1
Northeast,MA,MA-01,142479,75-79,White,HS or less,Female,Some,0
South,SC,SC-02,142480,25-29,White,BA/BS,Male,A good deal,1
South,NC,NC-02,142483,55-59,White,BA/BS,Female,Not much,0
West,UT,UT-04,142484,50-54,White,Some College,Male,Not much,0
Midwest,WI,WI-02,142485,50-54,White,Postgrad,Female,Some,0
South,NC,NC-09,142486,40-44,Black,Some College,Female,A good deal,1
West,WA,WA-03,142488,70-74,White,Some College,Female,Some,0
South,GA,GA-09,142489,45-49,Black,HS or less,Female,Some,0
South,VA,VA-03,142490,80 plus,Other,Some College,Female,Some,0
Northeast,ME,ME-01,142491,65-69,White,HS or less,Female,Some,0
South,DE,DE-00,142492,30-34,White,BA/BS,Female,A good deal,1
West,CA,CA-29,142493,70-74,White,BA/BS,Female,Some,0
Midwest,OH,OH-09,142494,40-44,White,HS or less,Male,Not much,0
South,FL,FL-24,142496,45-49,Hispanic,HS or less,Male,Some,0
Midwest,IN,IN-06,142498,65-69,White,Postgrad,Male,A good deal,1
South,TX,TX-37,142501,55-59,Hispanic,Postgrad,Female,Some,0
South,LA,LA-04,142502,40-44,White,Postgrad,Female,Some,0
West,CA,CA-48,142503,65-69,White,HS or less,Female,A good deal,1
Northeast,MA,MA-02,142504,45-49,White,BA/BS,Female,Not much,0
West,CO,CO-01,142505,40-44,Hispanic,BA/BS,Male,Some,0
Northeast,NJ,NJ-08,142506,60-64,White,BA/BS,Male,Some,0
Midwest,OH,OH-07,142508,80 plus,White,Some College,Female,Some,0
West,CA,CA-38,142511,40-44,Hispanic,BA/BS,Male,Some,0
Northeast,NY,NY-16,142512,65-69,Black,Some College,Male,A good deal,1
South,SC,SC-01,142513,65-69,White,Some College,Female,Some,0
South,MD,MD-01,142514,65-69,White,BA/BS,Female,Not much,0
Northeast,NY,NY-10,142515,55-59,White,Postgrad,Male,A good deal,1
Midwest,IN,IN-01,142518,40-44,White,Some College,Male,A good deal,1
South,WV,WV-01,142519,60-64,Other,HS or less,Female,Some,0
Northeast,CT,CT-02,142520,25-29,White,HS or less,Female,Not much,0
Midwest,IA,IA-03,142524,55-59,White,BA/BS,Female,Some,0
Midwest,IL,IL-08,142525,40-44,White,BA/BS,Male,Some,0
West,CA,CA-49,142526,50-54,White,Some College,Male,Not much,0
South,KY,KY-06,142527,45-49,White,Postgrad,Male,Some,0
South,OK,OK-02,142528,30-34,White,BA/BS,Male,Some,0
South,FL,FL-10,142529,40-44,White,Postgrad,Male,Some,0
Northeast,PA,PA-13,142531,75-79,White,Postgrad,Female,Some,0
South,MS,MS-02,142532,60-64,Black,Postgrad,Female,A good deal,1
South,TX,TX-28,142533,65-69,White,Some College,Female,Some,0
West,NV,NV-03,142535,40-44,White,BA/BS,Female,Some,0
South,AR,AR-03,142537,60-64,Hispanic,Some College,Male,Some,0
South,NC,NC-07,142538,40-44,White,Postgrad,Male,Not much,0
Midwest,IL,IL-06,142540,55-59,White,HS or less,Female,Some,0
South,GA,GA-06,142541,45-49,Black,Some College,Female,A good deal,1
South,FL,FL-15,142543,65-69,White,Some College,Female,Not much,0
Northeast,CT,CT-01,142544,55-59,Black,Postgrad,Female,Some,0
South,SC,SC-06,142545,65-69,Black,HS or less,Female,A good deal,1
South,TX,TX-29,142547,25-29,Hispanic,Some College,Male,Some,0
Midwest,IL,IL-01,142548,30-34,White,BA/BS,Female,A good deal,1
South,GA,GA-06,142550,65-69,Other,Postgrad,Male,Some,0
South,VA,VA-10,142551,65-69,Asian,Postgrad,Male,A good deal,1
West,WA,WA-01,142552,40-44,Asian,Postgrad,Female,Some,0
Midwest,IL,IL-07,142553,45-49,Black,Some College,Female,Some,0
South,TX,TX-15,142554,25-29,Hispanic,Some College,Female,A good deal,1
Northeast,RI,RI-01,142555,65-69,Other,Some College,Female,A good deal,1
South,GA,GA-03,142556,75-79,White,Some College,Female,A good deal,1
West,WA,WA-03,142557,70-74,White,Some College,Female,Some,0
Midwest,OH,OH-04,142558,50-54,White,BA/BS,Male,Not much,0
Northeast,MA,MA-05,142559,65-69,White,Some College,Male,Some,0
South,TX,TX-36,142560,40-44,White,Some College,Male,Not much,0
Midwest,WI,WI-02,142561,60-64,White,Postgrad,Female,Some,0
South,NC,NC-01,142562,30-34,Black,HS or less,Male,A good deal,1
West,CO,CO-05,142563,35-39,White,HS or less,Male,A good deal,1
South,TX,TX-19,142565,60-64,White,HS or less,Male,A good deal,1
South,KY,KY-06,142568,25-29,White,Postgrad,Female,Some,0
South,WV,WV-01,142570,70-74,White,BA/BS,Female,Some,0
South,TN,TN-01,142572,70-74,White,Postgrad,Male,Some,0
Midwest,IL,IL-06,142573,50-54,White,Postgrad,Male,Some,0
South,MD,MD-05,142576,45-49,Black,Postgrad,Female,A good deal,1
Northeast,NJ,NJ-07,142577,55-59,White,Some College,Male,A good deal,1
Northeast,CT,CT-02,142578,65-69,White,Postgrad,Female,Some,0
Midwest,IN,IN-06,142580,25-29,White,Postgrad,Female,Some,0
Northeast,NJ,NJ-03,142581,35-39,White,Postgrad,Male,Some,0
South,SC,SC-02,142582,45-49,Black,BA/BS,Male,A good deal,1
West,AZ,AZ-08,142584,40-44,White,BA/BS,Female,Some,0
Midwest,MN,MN-05,142585,45-49,White,Postgrad,Female,A good deal,1
West,CA,CA-03,142586,70-74,White,Some College,Female,Some,0
West,CO,CO-06,142587,75-79,Hispanic,BA/BS,Female,Some,0
Midwest,OH,OH-05,142588,40-44,Hispanic,Some College,Female,Some,0
Midwest,IN,IN-01,142590,65-69,White,Some College,Female,Some,0
West,OR,OR-03,142591,30-34,Other,Some College,Male,Some,0
Midwest,IL,IL-16,142592,40-44,White,Some College,Male,Some,0
Northeast,NJ,NJ-01,142593,75-79,Asian,BA/BS,Male,Some,0
West,HI,HI-01,142594,75-79,White,Postgrad,Female,A good deal,1
West,CA,CA-19,142595,65-69,White,Some College,Female,Some,0
South,LA,LA-01,142597,40-44,White,Postgrad,Female,A good deal,1
South,FL,FL-01,142598,40-44,Hispanic,BA/BS,Female,Some,0
West,OR,OR-06,142599,65-69,White,Some College,Female,Some,0
South,GA,GA-06,142600,30-34,White,Postgrad,Female,Not much,0
West,AZ,AZ-02,142601,80 plus,White,Some College,Female,A good deal,1
Northeast,ME,ME-02,142603,65-69,White,HS or less,Female,Not much,0
West,CA,CA-47,142604,60-64,White,BA/BS,Male,A good deal,1
West,CA,CA-40,142605,45-49,Hispanic,HS or less,Female,Some,0
South,TX,TX-32,142606,50-54,White,BA/BS,Male,Some,0
Midwest,MN,MN-05,142607,50-54,White,Some College,Male,A good deal,1
Northeast,NJ,NJ-12,142609,65-69,White,BA/BS,Female,Some,0
South,MD,MD-06,142610,65-69,White,Postgrad,Female,Some,0
West,MT,MT-02,142612,35-39,White,Some College,Male,A good deal,1
South,FL,FL-14,142613,45-49,White,Postgrad,Female,A good deal,1
Midwest,OH,OH-06,142614,60-64,White,BA/BS,Female,A good deal,1
Midwest,MN,MN-03,142617,30-34,White,BA/BS,Male,A good deal,1
Northeast,NJ,NJ-08,142618,80 plus,White,BA/BS,Female,Not much,0
Northeast,NY,NY-23,142619,35-39,White,BA/BS,Female,Some,0
South,FL,FL-22,142620,65-69,Asian,HS or less,Female,A good deal,1
South,LA,LA-06,142621,75-79,White,Some College,Male,Not much,0
Northeast,VT,VT-00,142622,30-34,White,Postgrad,Female,Some,0
West,CO,CO-06,142623,70-74,White,HS or less,Female,Some,0
South,FL,FL-01,142625,40-44,White,BA/BS,Male,Some,0
Midwest,WI,WI-07,142626,65-69,White,BA/BS,Female,A good deal,1
Northeast,NY,NY-05,142629,50-54,Black,HS or less,Female,Not much,0
Northeast,PA,PA-17,142631,25-29,White,Some College,Female,Some,0
Northeast,MA,MA-04,142632,70-74,White,Postgrad,Male,A good deal,1
South,TX,TX-24,142635,40-44,White,HS or less,Male,Not much,0
South,TX,TX-17,142636,55-59,White,BA/BS,Male,Some,0
Midwest,IL,IL-16,142637,70-74,White,Some College,Female,A good deal,1
Midwest,SD,SD-00,142638,60-64,White,Postgrad,Male,Some,0
South,TN,TN-03,142639,55-59,Hispanic,Some College,Female,Some,0
South,TX,TX-12,142642,60-64,Hispanic,HS or less,Female,Some,0
Midwest,IL,IL-02,142643,60-64,White,Some College,Male,A good deal,1
South,TN,TN-05,142644,55-59,Black,Some College,Female,A good deal,1
West,CA,CA-36,142646,55-59,White,Some College,Female,Not much,0
Northeast,NY,NY-19,142647,70-74,Hispanic,HS or less,Female,Some,0
Northeast,NY,NY-03,142649,40-44,Asian,BA/BS,Male,A good deal,1
Northeast,NJ,NJ-07,142650,45-49,White,Postgrad,Male,A good deal,1
South,NC,NC-03,142651,65-69,White,Some College,Male,Some,0
West,CA,CA-23,142653,25-29,Hispanic,BA/BS,Female,Some,0
Midwest,IL,IL-15,142654,40-44,White,HS or less,Male,Not much,0
West,UT,UT-04,142655,70-74,White,HS or less,Male,Not much,0
Midwest,MI,MI-09,142656,30-34,White,BA/BS,Female,Some,0
West,CA,CA-10,142657,60-64,Asian,Postgrad,Female,Not much,0
South,KY,KY-02,142658,60-64,White,HS or less,Male,Some,0
Midwest,IN,IN-01,142659,75-79,White,Some College,Male,Some,0
Midwest,MI,MI-11,142660,30-34,White,Postgrad,Female,Not much,0
Midwest,KS,KS-02,142661,65-69,White,Some College,Female,Not much,0
West,CA,CA-22,142663,25-29,Hispanic,HS or less,Male,Not much,0
Midwest,KS,KS-01,142664,25-29,Hispanic,Some College,Male,A good deal,1
South,MD,MD-05,142665,60-64,White,BA/BS,Male,Some,0
South,LA,LA-04,142666,70-74,White,Postgrad,Male,Some,0
West,CA,CA-28,142667,65-69,Asian,Postgrad,Male,A good deal,1
Midwest,WI,WI-02,142668,70-74,White,HS or less,Female,Some,0
Northeast,NY,NY-12,200078,40-44,White,Postgrad,Female,A good deal,1
Northeast,NY,NY-10,200096,25-29,White,BA/BS,Female,A good deal,1
Northeast,NY,NY-12,200144,35-39,White,Postgrad,Female,Not much,0
Northeast,NY,NY-12,200340,35-39,Hispanic,Postgrad,Female,Some,0
Northeast,NY,NY-12,200363,80 plus,White,Postgrad,Female,A good deal,1
Northeast,NY,NY-13,200380,60-64,Other,Some College,Male,Not much,0
Northeast,NY,NY-12,200391,30-34,White,Postgrad,Female,A good deal,1
Northeast,NY,NY-07,200469,30-34,White,BA/BS,Male,Some,0
Northeast,NY,NY-07,200481,18-24,White,BA/BS,Female,A good deal,1
Northeast,NY,NY-08,200528,35-39,Black,HS or less,Male,Not much,0
Northeast,NY,NY-08,200577,55-59,White,BA/BS,Male,Some,0
Northeast,NY,NY-08,200620,60-64,Black,HS or less,Female,Not much,0
Northeast,NY,NY-08,200632,40-44,Hispanic,Some College,Male,Some,0
Northeast,NY,NY-09,200638,55-59,White,Postgrad,Female,Some,0
Northeast,NY,NY-10,200650,40-44,White,Postgrad,Female,Not much,0
Northeast,NY,NY-08,200702,45-49,Asian,BA/BS,Female,A good deal,1
Northeast,NY,NY-07,200715,60-64,White,Some College,Female,Some,0
Northeast,NY,NY-09,200721,55-59,Black,HS or less,Male,A good deal,1
Northeast,MA,MA-08,200772,30-34,White,BA/BS,Male,Some,0
Northeast,NJ,NJ-08,200819,35-39,Black,Some College,Male,Some,0
Northeast,NJ,NJ-10,200830,40-44,Hispanic,HS or less,Male,Some,0
Northeast,PA,PA-03,200836,35-39,Black,HS or less,Female,A good deal,1
Northeast,PA,PA-02,200854,35-39,Hispanic,Postgrad,Male,Some,0
Northeast,PA,PA-03,200860,30-34,Hispanic,Some College,Female,Some,0
Northeast,NJ,NJ-10,200922,40-44,White,Postgrad,Female,Some,0
Northeast,PA,PA-02,200952,30-34,Hispanic,HS or less,Male,A good deal,1
Northeast,PA,PA-03,200995,45-49,Black,Some College,Male,Some,0
Northeast,PA,PA-03,201019,35-39,White,Postgrad,Female,Some,0
Northeast,PA,PA-02,201030,35-39,White,Postgrad,Male,Some,0
Northeast,NJ,NJ-11,201048,50-54,White,Postgrad,Male,A good deal,1
Northeast,MA,MA-05,201089,65-69,White,Postgrad,Female,Some,0
Northeast,PA,PA-03,201127,30-34,Hispanic,BA/BS,Male,Some,0
Northeast,PA,PA-02,201139,60-64,Other,Some College,Female,A good deal,1
Northeast,PA,PA-05,201151,50-54,White,Some College,Female,Not much,0
Northeast,PA,PA-03,201163,35-39,White,Postgrad,Female,A good deal,1
Northeast,MA,MA-02,201169,60-64,White,Postgrad,Female,A good deal,1
Northeast,MA,MA-08,201186,45-49,White,Postgrad,Female,Some,0
Northeast,PA,PA-03,201192,60-64,White,Postgrad,Male,Some,0
Northeast,NJ,NJ-11,201216,80 plus,White,Postgrad,Female,A good deal,1
Northeast,NY,NY-20,201276,80 plus,White,Postgrad,Male,A good deal,1
Northeast,NY,NY-06,201300,50-54,White,BA/BS,Male,Some,0
Northeast,NY,NY-03,201305,80 plus,White,Postgrad,Male,Some,0
Northeast,NY,NY-03,201364,70-74,Asian,Postgrad,Male,A good deal,1
Northeast,NY,NY-20,201407,65-69,White,HS or less,Male,A good deal,1
Northeast,NJ,NJ-08,201457,65-69,Hispanic,HS or less,Male,A good deal,1
Northeast,NY,NY-03,201529,45-49,White,Some College,Female,A good deal,1
Northeast,NY,NY-05,201536,55-59,White,BA/BS,Male,Some,0
Northeast,NY,NY-20,201560,60-64,White,HS or less,Male,Some,0
Northeast,NY,NY-05,201564,70-74,Black,Some College,Female,A good deal,1
Northeast,NY,NY-06,201576,30-34,Black,BA/BS,Female,A good deal,1
Northeast,NY,NY-07,201583,70-74,White,Some College,Male,Some,0
Northeast,NJ,NJ-07,201715,45-49,White,Postgrad,Male,Not much,0
Northeast,NY,NY-17,201745,25-29,White,Postgrad,Female,Some,0
Northeast,RI,RI-01,201763,65-69,White,Postgrad,Male,A good deal,1
Northeast,NY,NY-16,201771,50-54,Black,HS or less,Male,A good deal,1
Northeast,NJ,NJ-12,201788,70-74,Asian,BA/BS,Female,Not much,0
Northeast,CT,CT-04,201811,65-69,White,HS or less,Male,Not much,0
Northeast,NJ,NJ-01,201830,45-49,White,BA/BS,Female,Some,0
Northeast,NJ,NJ-01,201865,60-64,Hispanic,HS or less,Female,Some,0
Northeast,CT,CT-01,201871,45-49,White,BA/BS,Male,Some,0
Northeast,CT,CT-01,201912,35-39,White,Postgrad,Female,Some,0
Northeast,NJ,NJ-03,201935,25-29,White,Postgrad,Female,Some,0
Northeast,NJ,NJ-01,201947,30-34,White,BA/BS,Male,Some,0
Northeast,NY,NY-16,201964,45-49,Asian,Postgrad,Male,Some,0
Northeast,NJ,NJ-01,201982,30-34,White,BA/BS,Female,Some,0
Northeast,CT,CT-03,202039,55-59,Hispanic,HS or less,Male,Some,0
Northeast,CT,CT-01,202045,35-39,White,BA/BS,Female,A good deal,1
Northeast,CT,CT-04,202057,45-49,White,BA/BS,Female,Some,0
Northeast,CT,CT-04,202063,18-24,White,Some College,Male,A good deal,1
Northeast,CT,CT-05,202068,80 plus,White,Some College,Male,A good deal,1
Northeast,NJ,NJ-07,202098,55-59,White,HS or less,Male,Some,0
Northeast,CT,CT-01,202104,80 plus,White,Some College,Male,Some,0
Northeast,ME,ME-01,202111,40-44,White,Postgrad,Male,A good deal,1
Northeast,ME,ME-01,202117,55-59,White,Some College,Female,Some,0
Northeast,MA,MA-05,202193,40-44,Black,Postgrad,Female,A good deal,1
Northeast,MA,MA-07,202199,25-29,White,BA/BS,Female,Some,0
Northeast,MA,MA-05,202278,35-39,White,BA/BS,Female,A good deal,1
Northeast,ME,ME-01,202284,18-24,Hispanic,BA/BS,Female,Some,0
Northeast,MA,MA-05,202290,30-34,White,Postgrad,Male,Some,0
Northeast,VT,VT-00,202312,40-44,White,HS or less,Female,Some,0
Northeast,PA,PA-05,202320,45-49,Black,Postgrad,Female,A good deal,1
Northeast,PA,PA-05,202337,70-74,White,Some College,Female,Some,0
Northeast,ME,ME-01,202361,18-24,White,Some College,Female,Not much,0
Northeast,ME,ME-01,202379,70-74,White,Some College,Male,Some,0
Northeast,ME,ME-01,202391,30-34,White,Postgrad,Female,Some,0
Northeast,MA,MA-03,202480,75-79,White,Postgrad,Male,Some,0
Northeast,MA,MA-06,202498,35-39,Hispanic,BA/BS,Male,A good deal,1
Northeast,VT,VT-00,202530,50-54,White,Some College,Male,Some,0
Northeast,PA,PA-05,202536,45-49,White,BA/BS,Female,Some,0
Northeast,MA,MA-06,202542,65-69,White,Some College,Male,A good deal,1
Northeast,MA,MA-02,202572,30-34,Hispanic,BA/BS,Female,Some,0
Northeast,MA,MA-08,202589,35-39,White,Some College,Male,Some,0
Northeast,MA,MA-05,202595,60-64,White,HS or less,Female,Some,0
Northeast,MA,MA-06,202601,30-34,White,Postgrad,Male,A good deal,1
Northeast,PA,PA-05,202619,45-49,White,Some College,Male,Some,0
Northeast,MA,MA-08,202630,70-74,White,BA/BS,Male,Some,0
Northeast,MA,MA-05,202648,65-69,White,BA/BS,Male,Not much,0
Northeast,PA,PA-05,202660,45-49,White,BA/BS,Male,Not much,0
Northeast,MA,MA-08,202671,80 plus,White,HS or less,Female,A good deal,1
Northeast,MA,MA-03,202689,70-74,White,Some College,Male,A good deal,1
Northeast,CT,CT-03,202721,25-29,Hispanic,Some College,Female,Some,0
Northeast,CT,CT-03,202732,30-34,White,HS or less,Female,Not much,0
Northeast,NY,NY-22,202761,60-64,White,Some College,Female,Some,0
Northeast,RI,RI-01,202791,30-34,Asian,BA/BS,Female,Some,0
Northeast,RI,RI-01,202818,75-79,White,HS or less,Male,Not much,0
Northeast,RI,RI-01,202835,50-54,Hispanic,Some College,Female,Some,0
Northeast,NY,NY-22,202846,30-34,White,HS or less,Female,Not much,0
Northeast,RI,RI-02,202861,55-59,White,Some College,Male,A good deal,1
Northeast,RI,RI-02,202873,35-39,White,Some College,Male,Some,0
Northeast,CT,CT-03,202879,45-49,White,Some College,Female,Some,0
Northeast,CT,CT-03,202897,55-59,Hispanic,Some College,Female,A good deal,1
Northeast,CT,CT-02,202903,30-34,Hispanic,Postgrad,Female,A good deal,1
Northeast,NY,NY-22,202951,60-64,White,Postgrad,Male,A good deal,1
Northeast,MA,MA-01,203035,55-59,White,Some College,Female,A good deal,1
Northeast,MA,MA-01,203041,40-44,White,BA/BS,Male,Not much,0
Northeast,CT,CT-03,203053,70-74,White,Some College,Female,Some,0
Northeast,NJ,NJ-06,203103,60-64,White,Some College,Female,Some,0
Northeast,NY,NY-25,203145,40-44,Black,HS or less,Male,A good deal,1
Northeast,NJ,NJ-12,203177,30-34,Asian,Postgrad,Female,Some,0
Northeast,NJ,NJ-12,203183,70-74,White,Some College,Female,Not much,0
Northeast,MA,MA-02,203189,35-39,Hispanic,HS or less,Female,Some,0
Northeast,MA,MA-04,203195,35-39,White,BA/BS,Male,Some,0
Northeast,NY,NY-25,203201,45-49,Hispanic,HS or less,Female,Not much,0
Northeast,NJ,NJ-12,203207,45-49,White,Some College,Female,Some,0
Northeast,NY,NY-25,203219,30-34,Hispanic,BA/BS,Female,A good deal,1
Northeast,NY,NY-25,203225,30-34,White,BA/BS,Female,Not much,0
Northeast,NJ,NJ-12,203231,30-34,Black,Some College,Female,Some,0
Northeast,NJ,NJ-09,203248,60-64,Hispanic,Postgrad,Male,A good deal,1
Northeast,NJ,NJ-09,203254,55-59,Black,Postgrad,Male,A good deal,1
Northeast,NY,NY-25,203290,60-64,Black,Some College,Male,Not much,0
Northeast,MA,MA-02,203307,35-39,White,Postgrad,Male,Not much,0
Northeast,NJ,NJ-12,203325,80 plus,White,HS or less,Male,Some,0
Northeast,NJ,NJ-09,203331,25-29,Hispanic,BA/BS,Male,Not much,0
Northeast,NY,NY-25,203349,75-79,White,Postgrad,Female,A good deal,1
Northeast,MA,MA-01,203354,75-79,White,Some College,Female,Not much,0
Northeast,NY,NY-25,203372,55-59,White,HS or less,Female,Not much,0
Northeast,MA,MA-02,203384,75-79,White,Postgrad,Male,Some,0
Northeast,MA,MA-01,203408,75-79,White,Postgrad,Female,Some,0
Northeast,NY,NY-18,203414,70-74,White,BA/BS,Female,Some,0
Northeast,MA,MA-02,203462,50-54,White,BA/BS,Female,Some,0
Northeast,CT,CT-01,203489,60-64,Hispanic,HS or less,Male,A good deal,1
Northeast,ME,ME-01,203494,25-29,White,HS or less,Male,Not much,0
Northeast,MA,MA-09,203512,45-49,White,BA/BS,Female,Some,0
Northeast,PA,PA-12,203571,65-69,Hispanic,HS or less,Female,Some,0
Northeast,PA,PA-17,203698,50-54,White,HS or less,Female,Some,0
Northeast,MA,MA-09,203758,65-69,White,Some College,Female,Some,0
Northeast,PA,PA-17,203764,25-29,White,BA/BS,Male,Some,0
Northeast,PA,PA-17,203770,40-44,White,BA/BS,Male,Some,0
Northeast,PA,PA-12,203800,45-49,White,BA/BS,Male,Not much,0
Northeast,PA,PA-12,203818,65-69,White,HS or less,Female,Some,0
Northeast,NJ,NJ-05,203862,65-69,White,BA/BS,Female,A good deal,1
Northeast,PA,PA-06,203886,45-49,White,Postgrad,Female,Some,0
Northeast,PA,PA-06,203892,30-34,White,BA/BS,Male,A good deal,1
Northeast,MA,MA-08,203898,80 plus,Black,HS or less,Male,A good deal,1
Northeast,NJ,NJ-03,203904,18-24,White,HS or less,Female,Some,0
Northeast,MA,MA-09,203916,70-74,White,BA/BS,Female,Some,0
Northeast,NJ,NJ-03,203928,70-74,White,BA/BS,Male,A good deal,1
Northeast,NJ,NJ-03,203951,75-79,White,HS or less,Female,Not much,0
Northeast,NJ,NJ-05,203999,75-79,Hispanic,HS or less,Male,Some,0
Northeast,MA,MA-08,204029,30-34,White,HS or less,Female,A good deal,1
Northeast,PA,PA-17,204041,75-79,White,Postgrad,Male,A good deal,1
Northeast,NJ,NJ-09,204046,65-69,White,Some College,Female,Not much,0
Northeast,ME,ME-01,204052,30-34,White,HS or less,Female,Not much,0
Northeast,NJ,NJ-02,204077,75-79,White,Some College,Male,Some,0
Northeast,NY,NY-26,204113,45-49,Black,HS or less,Female,Some,0
Northeast,NY,NY-26,204130,45-49,White,Postgrad,Male,Some,0
Northeast,NY,NY-18,204148,18-24,Other,Some College,Female,Some,0
Northeast,PA,PA-15,204172,18-24,White,BA/BS,Female,Some,0
Northeast,PA,PA-08,204184,50-54,Hispanic,Postgrad,Female,A good deal,1
Northeast,PA,PA-16,204256,65-69,Black,HS or less,Female,Some,0
Northeast,NY,NY-19,204268,55-59,White,Some College,Female,Not much,0
Northeast,NY,NY-21,204292,30-34,White,BA/BS,Male,A good deal,1
Northeast,PA,PA-16,204346,45-49,White,Postgrad,Male,Not much,0
Northeast,NY,NY-18,204411,45-49,White,BA/BS,Male,A good deal,1
Northeast,NY,NY-26,204423,70-74,White,HS or less,Female,Some,0
Northeast,NY,NY-19,204458,40-44,White,Postgrad,Male,Some,0
Northeast,PA,PA-15,204470,50-54,White,BA/BS,Male,Not much,0
Northeast,NY,NY-23,204499,35-39,White,HS or less,Female,Some,0
Northeast,NY,NY-01,204563,65-69,White,Postgrad,Male,Some,0
Northeast,NY,NY-01,204568,70-74,White,Some College,Male,A good deal,1
Northeast,PA,PA-07,204609,75-79,White,Some College,Female,Some,0
Northeast,RI,RI-02,204615,65-69,White,BA/BS,Female,A good deal,1
Northeast,NY,NY-01,204638,25-29,Other,HS or less,Female,Not much,0
Northeast,NY,NY-01,204649,70-74,White,Some College,Female,Not much,0
Northeast,ME,ME-02,204654,50-54,White,HS or less,Female,Some,0
Northeast,NY,NY-02,204765,45-49,White,Some College,Female,Not much,0
Northeast,NJ,NJ-02,204776,60-64,White,HS or less,Male,Not much,0
Northeast,NY,NY-02,204782,18-24,Black,Some College,Female,Some,0
Northeast,ME,ME-02,204788,70-74,White,Some College,Male,Not much,0
Northeast,NJ,NJ-02,204824,80 plus,White,Some College,Female,A good deal,1
Northeast,PA,PA-07,204830,70-74,Hispanic,BA/BS,Male,A good deal,1
Northeast,PA,PA-07,204835,70-74,Black,Some College,Female,Not much,0
Northeast,PA,PA-07,204877,70-74,White,BA/BS,Male,Some,0
Northeast,NJ,NJ-02,204924,55-59,White,HS or less,Male,A good deal,1
Northeast,PA,PA-07,204941,40-44,White,BA/BS,Female,Not much,0
Northeast,ME,ME-01,204978,25-29,White,BA/BS,Male,Some,0
Northeast,NH,NH-02,204990,35-39,White,HS or less,Male,Some,0
Northeast,PA,PA-01,205062,65-69,White,Some College,Male,Some,0
Northeast,NH,NH-01,205087,35-39,White,BA/BS,Male,Some,0
Northeast,NJ,NJ-11,205158,30-34,White,Postgrad,Female,A good deal,1
Northeast,NY,NY-03,205170,65-69,Black,Postgrad,Female,A good deal,1
Northeast,NH,NH-01,205176,50-54,White,BA/BS,Male,Some,0
Northeast,PA,PA-01,205188,25-29,White,HS or less,Male,Some,0
Northeast,NH,NH-01,205200,60-64,Hispanic,Some College,Male,Some,0
Northeast,NY,NY-20,205218,55-59,White,Postgrad,Male,Some,0
Northeast,ME,ME-01,205236,18-24,White,Some College,Male,A good deal,1
Northeast,PA,PA-01,205272,60-64,White,Postgrad,Male,Not much,0
Northeast,NY,NY-04,205296,60-64,White,Some College,Female,A good deal,1
Northeast,NJ,NJ-07,205321,55-59,White,BA/BS,Female,Some,0
Northeast,NH,NH-01,205345,70-74,White,BA/BS,Male,Some,0
Northeast,NY,NY-03,205363,65-69,White,BA/BS,Male,A good deal,1
Northeast,NH,NH-02,205405,65-69,White,HS or less,Male,A good deal,1
Northeast,ME,ME-01,205435,75-79,White,HS or less,Female,Some,0
Northeast,NY,NY-04,205446,70-74,White,Some College,Male,Some,0
Northeast,NJ,NJ-01,205452,50-54,White,Some College,Female,Not much,0
Northeast,CT,CT-02,205471,40-44,White,Some College,Male,Not much,0
Northeast,NY,NY-20,205512,55-59,Hispanic,HS or less,Male,Some,0
Northeast,NY,NY-19,205536,35-39,White,Postgrad,Female,Some,0
Northeast,NY,NY-21,205542,60-64,White,HS or less,Male,Some,0
Northeast,NY,NY-24,205554,18-24,White,Some College,Female,Some,0
Northeast,PA,PA-13,205577,30-34,White,Postgrad,Female,Not much,0
Northeast,PA,PA-08,205589,60-64,White,HS or less,Male,Some,0
Northeast,NY,NY-24,205657,65-69,White,BA/BS,Female,Some,0
Northeast,PA,PA-08,205676,35-39,White,HS or less,Male,Some,0
Northeast,PA,PA-15,205695,55-59,White,BA/BS,Male,Some,0
Northeast,NY,NY-24,205707,75-79,White,HS or less,Female,Some,0
Northeast,NY,NY-23,205742,65-69,White,Some College,Male,Not much,0
Northeast,NY,NY-24,205748,35-39,White,Some College,Female,Some,0
Northeast,NY,NY-23,205754,60-64,White,Some College,Female,Some,0
Northeast,NY,NY-24,205760,35-39,White,Some College,Female,Not much,0
Northeast,NY,NY-22,205766,50-54,White,Postgrad,Female,Not much,0
Northeast,NY,NY-22,205778,55-59,Other,HS or less,Male,Not much,0
Northeast,PA,PA-08,205796,65-69,White,Some College,Female,Some,0
Northeast,NY,NY-23,205801,55-59,Other,Some College,Male,Some,0
Northeast,PA,PA-15,205820,75-79,White,Some College,Female,A good deal,1
Northeast,PA,PA-15,205826,55-59,White,HS or less,Female,Some,0
Northeast,CT,CT-02,205832,40-44,White,Postgrad,Female,Not much,0
Northeast,PA,PA-13,205844,70-74,White,HS or less,Male,A good deal,1
Northeast,NY,NY-21,205855,35-39,White,Some College,Female,Not much,0
Northeast,PA,PA-08,205885,18-24,White,BA/BS,Female,Not much,0
Northeast,PA,PA-15,205897,35-39,White,Some College,Female,A good deal,1
Northeast,PA,PA-09,205909,60-64,White,Postgrad,Female,Not much,0
Northeast,PA,PA-09,205914,65-69,White,BA/BS,Female,Not much,0
Northeast,PA,PA-14,205926,70-74,White,HS or less,Female,Some,0
Northeast,PA,PA-11,206002,65-69,Other,Some College,Male,Not much,0
Northeast,NJ,NJ-02,206065,50-54,Black,HS or less,Male,Not much,0
Northeast,PA,PA-11,206071,30-34,White,BA/BS,Male,Not much,0
Northeast,PA,PA-11,206083,40-44,White,Some College,Male,A good deal,1
Northeast,PA,PA-13,206096,45-49,Black,BA/BS,Female,Not much,0
Northeast,NY,NY-11,206108,30-34,White,BA/BS,Female,Some,0
Northeast,PA,PA-10,206156,55-59,White,Postgrad,Female,Not much,0
Northeast,PA,PA-13,206209,35-39,White,Postgrad,Male,Not much,0
Northeast,PA,PA-13,206221,70-74,White,HS or less,Female,Some,0
Northeast,PA,PA-11,206232,65-69,White,BA/BS,Female,Not much,0
Northeast,PA,PA-10,206279,30-34,White,BA/BS,Male,Some,0
Northeast,PA,PA-11,206285,65-69,White,HS or less,Female,Not much,0
Northeast,PA,PA-06,206291,70-74,White,BA/BS,Male,Some,0
Northeast,PA,PA-09,206296,70-74,White,Some College,Male,A good deal,1
Northeast,PA,PA-13,206326,60-64,White,Some College,Female,Some,0
Northeast,PA,PA-09,206332,25-29,White,HS or less,Female,Some,0
Northeast,PA,PA-16,206338,40-44,White,BA/BS,Female,Not much,0
Northeast,PA,PA-13,206373,65-69,White,HS or less,Female,A good deal,1
Northeast,PA,PA-11,206379,25-29,White,HS or less,Male,A good deal,1
Northeast,PA,PA-09,206385,75-79,White,Postgrad,Male,A good deal,1
Northeast,ME,ME-02,206403,70-74,White,Some College,Female,Some,0
Northeast,NJ,NJ-04,206439,55-59,White,Some College,Female,Some,0
Northeast,NJ,NJ-02,206445,18-24,White,BA/BS,Male,A good deal,1
Northeast,PA,PA-17,206469,30-34,White,Some College,Female,Some,0
Northeast,PA,PA-14,206505,55-59,White,HS or less,Female,Some,0
Northeast,NJ,NJ-07,206557,70-74,Asian,Postgrad,Male,A good deal,1
Northeast,NY,NY-17,206562,70-74,White,BA/BS,Female,A good deal,1
Northeast,CT,CT-05,206568,40-44,White,Some College,Female,Not much,0
Northeast,PA,PA-14,206574,45-49,White,HS or less,Male,Not much,0
Northeast,PA,PA-10,206580,25-29,Other,Some College,Male,Not much,0
Northeast,NJ,NJ-07,206598,65-69,White,Postgrad,Male,Some,0
Northeast,NJ,NJ-04,206616,55-59,White,Postgrad,Male,A good deal,1
Northeast,NJ,NJ-02,206622,35-39,White,Some College,Female,Some,0
Northeast,NJ,NJ-02,206634,70-74,White,BA/BS,Male,A good deal,1
Northeast,NJ,NJ-07,206705,60-64,White,Some College,Female,Some,0
Northeast,PA,PA-10,206717,65-69,White,Postgrad,Male,Not much,0
Northeast,PA,PA-10,206733,40-44,Black,Some College,Male,A good deal,1
Northeast,PA,PA-14,206745,65-69,White,HS or less,Female,Not much,0
Northeast,PA,PA-12,206793,75-79,White,Postgrad,Male,Some,0
Northeast,PA,PA-14,206822,45-49,White,Some College,Male,Some,0
Northeast,NJ,NJ-02,206828,70-74,White,HS or less,Male,Some,0
Northeast,PA,PA-16,206846,50-54,White,Postgrad,Female,Some,0
Northeast,PA,PA-13,206852,80 plus,White,HS or less,Male,A good deal,1
Midwest,KS,KS-03,206865,40-44,White,BA/BS,Male,Not much,0
Midwest,MO,MO-01,206901,25-29,White,Postgrad,Female,A good deal,1
Midwest,OH,OH-11,206949,40-44,Other,HS or less,Female,Some,0
Midwest,WI,WI-04,207003,25-29,Black,HS or less,Female,A good deal,1
Midwest,KS,KS-03,207021,30-34,Other,BA/BS,Female,Some,0
Midwest,MO,MO-01,207027,18-24,White,BA/BS,Male,A good deal,1
Midwest,WI,WI-04,207033,30-34,White,Postgrad,Male,Some,0
Midwest,WI,WI-05,207045,35-39,White,HS or less,Male,Some,0
Midwest,WI,WI-04,207065,30-34,Black,BA/BS,Male,Some,0
Midwest,WI,WI-04,207077,30-34,Black,HS or less,Female,Not much,0
Midwest,MO,MO-01,207089,70-74,White,Some College,Male,A good deal,1
Midwest,MO,MO-01,207095,25-29,White,BA/BS,Male,A good deal,1
Midwest,OH,OH-07,207100,65-69,White,HS or less,Male,Some,0
Midwest,WI,WI-04,207112,30-34,Black,Some College,Male,Some,0
Midwest,WI,WI-04,207118,60-64,Asian,HS or less,Male,Not much,0
Midwest,OH,OH-11,207124,30-34,Asian,Postgrad,Female,Some,0
Midwest,WI,WI-04,207154,40-44,Black,BA/BS,Female,Some,0
Midwest,WI,WI-01,207160,30-34,White,BA/BS,Male,Some,0
Midwest,OH,OH-07,207183,55-59,White,BA/BS,Male,Not much,0
Midwest,OH,OH-11,207189,55-59,Black,HS or less,Male,Not much,0
Midwest,KS,KS-02,207195,40-44,White,Some College,Female,Not much,0
Midwest,WI,WI-04,207215,70-74,White,Postgrad,Female,Some,0
Midwest,MI,MI-07,207221,65-69,White,Some College,Female,A good deal,1
Midwest,MO,MO-01,207238,70-74,Hispanic,Postgrad,Male,Some,0
Midwest,OH,OH-11,207244,75-79,White,Postgrad,Male,A good deal,1
Midwest,OH,OH-07,207261,55-59,White,Some College,Female,Some,0
Midwest,OH,OH-11,207267,75-79,White,Some College,Female,A good deal,1
Midwest,IL,IL-04,207290,25-29,Black,BA/BS,Male,Some,0
Midwest,IL,IL-09,207320,18-24,Hispanic,Some College,Male,A good deal,1
Midwest,IL,IL-03,207355,75-79,White,BA/BS,Male,A good deal,1
Midwest,IL,IL-06,207361,30-34,Black,Some College,Male,Not much,0
Midwest,IL,IL-05,207384,60-64,White,Postgrad,Male,Not much,0
Midwest,IL,IL-03,207419,40-44,White,Some College,Female,Not much,0
Midwest,IL,IL-06,207448,25-29,Hispanic,BA/BS,Male,Some,0
Midwest,IL,IL-05,207556,18-24,White,BA/BS,Male,Some,0
Midwest,IL,IL-02,207565,75-79,Black,HS or less,Female,A good deal,1
Midwest,IL,IL-09,207583,60-64,Black,HS or less,Female,Some,0
Midwest,IL,IL-07,207654,18-24,Hispanic,BA/BS,Female,Some,0
Midwest,IL,IL-08,207684,45-49,Hispanic,BA/BS,Female,Some,0
Midwest,IL,IL-03,207696,55-59,Hispanic,BA/BS,Female,A good deal,1
Midwest,IL,IL-06,207702,35-39,White,BA/BS,Male,Not much,0
Midwest,IL,IL-10,207720,55-59,White,Postgrad,Female,A good deal,1
Midwest,IL,IL-03,207744,45-49,Hispanic,BA/BS,Female,A good deal,1
Midwest,IL,IL-02,207750,55-59,White,BA/BS,Male,Not much,0
Midwest,IL,IL-08,207762,70-74,White,BA/BS,Female,A good deal,1
Midwest,IL,IL-05,207768,65-69,White,BA/BS,Male,A good deal,1
Midwest,IL,IL-06,207789,40-44,White,BA/BS,Male,Not much,0
Midwest,IL,IL-07,207801,50-54,Black,Some College,Female,A good deal,1
Midwest,IL,IL-07,207813,55-59,Black,Postgrad,Male,A good deal,1
Midwest,IL,IL-09,207848,60-64,Hispanic,BA/BS,Male,A good deal,1
Midwest,IL,IL-03,207866,35-39,Black,BA/BS,Female,Some,0
Midwest,IL,IL-08,207872,65-69,White,HS or less,Female,A good deal,1
Midwest,IL,IL-08,207884,60-64,White,Some College,Male,Some,0
Midwest,IL,IL-09,207890,50-54,White,Some College,Male,A good deal,1
Midwest,IL,IL-05,207914,35-39,White,Postgrad,Male,Some,0
Midwest,IL,IL-08,207926,40-44,Other,Some College,Male,Some,0
Midwest,MI,MI-06,207938,25-29,White,HS or less,Female,Some,0
Midwest,MI,MI-12,207956,25-29,White,Postgrad,Male,Some,0
Midwest,MN,MN-04,208033,60-64,White,BA/BS,Female,Some,0
Midwest,MI,MI-13,208065,25-29,Asian,Postgrad,Male,Some,0
Midwest,MI,MI-13,208084,45-49,Asian,Some College,Female,Not much,0
Midwest,MN,MN-05,208090,25-29,White,Postgrad,Female,Some,0
Midwest,MI,MI-13,208096,30-34,White,Some College,Male,Some,0
Midwest,MI,MI-13,208109,25-29,White,HS or less,Female,Not much,0
Midwest,MI,MI-13,208134,60-64,Other,BA/BS,Female,Not much,0
Midwest,MI,MI-12,208140,30-34,Black,Some College,Female,Some,0
Midwest,MI,MI-12,208152,18-24,Black,HS or less,Male,Some,0
Midwest,MI,MI-13,208164,40-44,Hispanic,Postgrad,Female,Not much,0
Midwest,WI,WI-02,208194,60-64,White,BA/BS,Male,Some,0
Midwest,MI,MI-06,208200,18-24,Hispanic,Some College,Female,Some,0
Midwest,MN,MN-05,208206,50-54,White,BA/BS,Male,Some,0
Midwest,MN,MN-03,208224,50-54,Black,Some College,Male,Some,0
Midwest,MI,MI-12,208230,50-54,White,Some College,Male,Not much,0
Midwest,MI,MI-06,208236,65-69,White,HS or less,Female,Not much,0
Midwest,MN,MN-03,208248,60-64,White,Some College,Male,Some,0
Midwest,MI,MI-06,208254,60-64,White,BA/BS,Female,Some,0
Midwest,MI,MI-13,208260,50-54,White,Some College,Male,Some,0
Midwest,MI,MI-12,208284,50-54,Asian,Some College,Female,Some,0
Midwest,MI,MI-06,208290,18-24,White,BA/BS,Female,A good deal,1
Midwest,MI,MI-06,208302,75-79,White,Postgrad,Male,A good deal,1
Midwest,MI,MI-13,208308,40-44,White,Postgrad,Female,A good deal,1
Midwest,WI,WI-02,208320,75-79,White,HS or less,Female,Some,0
Midwest,MN,MN-03,208336,30-34,Black,BA/BS,Male,Some,0
Midwest,WI,WI-02,208342,35-39,Hispanic,BA/BS,Male,Some,0
Midwest,MI,MI-06,208360,35-39,Asian,Postgrad,Male,Some,0
Midwest,MI,MI-06,208366,40-44,White,BA/BS,Male,Some,0
Midwest,MI,MI-12,208372,70-74,White,BA/BS,Male,Some,0
Midwest,WI,WI-02,208390,60-64,White,Postgrad,Male,A good deal,1
Midwest,IA,IA-01,208402,40-44,Black,Some College,Male,A good deal,1
Midwest,MN,MN-04,208408,40-44,Asian,Some College,Female,Some,0
Midwest,MN,MN-03,208425,25-29,White,BA/BS,Female,Not much,0
Midwest,WI,WI-02,208431,45-49,White,Postgrad,Male,Not much,0
Midwest,MN,MN-04,208443,60-64,White,Postgrad,Male,Some,0
Midwest,MN,MN-03,208455,25-29,White,BA/BS,Male,A good deal,1
Midwest,MN,MN-03,208461,70-74,White,BA/BS,Female,A good deal,1
Midwest,MI,MI-12,208473,40-44,White,BA/BS,Male,Some,0
Midwest,MN,MN-04,208485,40-44,White,HS or less,Male,Some,0
Midwest,IA,IA-01,208491,70-74,White,Some College,Male,Not much,0
Midwest,MN,MN-03,208503,70-74,White,BA/BS,Female,A good deal,1
Midwest,MI,MI-12,208527,80 plus,White,HS or less,Male,Some,0
Midwest,IN,IN-01,208570,30-34,Black,Some College,Female,A good deal,1
Midwest,IN,IN-07,208599,40-44,White,BA/BS,Female,Some,0
Midwest,IN,IN-09,208623,80 plus,White,HS or less,Male,Not much,0
Midwest,MO,MO-04,208647,35-39,White,HS or less,Female,A good deal,1
Midwest,OH,OH-09,208682,80 plus,White,Some College,Female,Some,0
Midwest,OH,OH-09,208688,35-39,Black,HS or less,Female,Some,0
Midwest,OH,OH-13,208712,25-29,White,BA/BS,Female,A good deal,1
Midwest,MO,MO-05,208735,65-69,White,Some College,Female,Not much,0
Midwest,IN,IN-06,208765,25-29,Hispanic,HS or less,Male,Not much,0
Midwest,IN,IN-07,208805,30-34,Black,Some College,Male,Not much,0
Midwest,OH,OH-13,208811,30-34,White,BA/BS,Male,A good deal,1
Midwest,OH,OH-09,208829,60-64,Black,HS or less,Female,A good deal,1
Midwest,IN,IN-01,208853,55-59,Hispanic,Some College,Female,A good deal,1
Midwest,IN,IN-06,208859,35-39,White,Postgrad,Male,A good deal,1
Midwest,OH,OH-09,208865,55-59,White,Some College,Female,Some,0
Midwest,IN,IN-07,208877,35-39,White,HS or less,Female,Some,0
Midwest,MO,MO-05,208883,60-64,White,Some College,Male,Some,0
Midwest,IN,IN-06,208901,45-49,White,BA/BS,Male,Some,0
Midwest,MO,MO-05,208937,50-54,White,Some College,Female,Some,0
Midwest,MO,MO-05,208943,60-64,White,Some College,Male,Not much,0
Midwest,OH,OH-09,208963,70-74,White,Postgrad,Female,A good deal,1
Midwest,OH,OH-09,208980,45-49,White,Postgrad,Male,A good deal,1
Midwest,IN,IN-07,208992,70-74,White,Postgrad,Female,Some,0
Midwest,OH,OH-09,209004,55-59,White,HS or less,Male,Some,0
Midwest,IN,IN-01,209010,75-79,White,Postgrad,Female,Some,0
Midwest,IL,IL-02,209016,75-79,White,Postgrad,Male,Some,0
Midwest,IN,IN-07,209052,50-54,White,BA/BS,Female,Not much,0
Midwest,MO,MO-05,209076,30-34,White,Some College,Male,A good deal,1
Midwest,IN,IN-07,209082,55-59,Hispanic,Some College,Male,Some,0
Midwest,MO,MO-03,209088,70-74,White,Postgrad,Male,A good deal,1
Midwest,IN,IN-01,209094,65-69,White,HS or less,Male,Some,0
Midwest,NE,NE-02,209152,40-44,White,Some College,Female,A good deal,1
Midwest,OH,OH-01,209212,25-29,White,BA/BS,Female,Some,0
Midwest,OH,OH-08,209287,55-59,White,HS or less,Male,Some,0
Midwest,NE,NE-02,209293,75-79,White,BA/BS,Male,Not much,0
Midwest,WI,WI-02,209299,30-34,Hispanic,Some College,Female,Some,0
Midwest,OH,OH-01,209316,50-54,White,BA/BS,Male,Some,0
Midwest,MI,MI-08,209322,60-64,White,Postgrad,Female,Some,0
Midwest,NE,NE-02,209328,35-39,White,BA/BS,Female,Some,0
Midwest,NE,NE-02,209334,50-54,White,HS or less,Female,Some,0
Midwest,OH,OH-03,209340,55-59,White,Postgrad,Female,Some,0
Midwest,MI,MI-08,209364,25-29,White,BA/BS,Female,Some,0
Midwest,MI,MI-08,209370,65-69,White,HS or less,Male,Not much,0
Midwest,OH,OH-03,209382,40-44,Hispanic,Some College,Male,Some,0
Midwest,NE,NE-02,209394,40-44,White,BA/BS,Female,Some,0
Midwest,OH,OH-01,209459,60-64,White,Some College,Male,Some,0
Midwest,IL,IL-10,209508,45-49,White,BA/BS,Male,A good deal,1
Midwest,MI,MI-08,209519,70-74,White,HS or less,Male,Some,0
Midwest,OH,OH-03,209525,35-39,White,Postgrad,Female,Some,0
Midwest,OH,OH-03,209531,65-69,Black,Some College,Female,Some,0
Midwest,NE,NE-02,209549,30-34,White,BA/BS,Male,A good deal,1
Midwest,OH,OH-15,209555,65-69,White,HS or less,Female,A good deal,1
Midwest,OH,OH-01,209603,65-69,White,HS or less,Male,Some,0
Midwest,OH,OH-03,209621,65-69,White,Some College,Female,Some,0
Midwest,OH,OH-15,209633,55-59,White,Some College,Female,Some,0
Midwest,IL,IL-06,209635,55-59,White,Some College,Male,A good deal,1
Midwest,MI,MI-11,209700,70-74,White,Postgrad,Female,A good deal,1
Midwest,MN,MN-08,209730,18-24,White,Some College,Female,Some,0
Midwest,MN,MN-08,209736,55-59,White,HS or less,Female,Not much,0
Midwest,WI,WI-07,209778,35-39,White,Postgrad,Male,Not much,0
Midwest,IA,IA-03,209800,40-44,White,HS or less,Female,Not much,0
Midwest,MI,MI-11,209806,18-24,White,BA/BS,Male,A good deal,1
Midwest,WI,WI-02,209855,55-59,White,HS or less,Male,Not much,0
Midwest,MI,MI-12,209864,80 plus,Black,HS or less,Male,A good deal,1
Midwest,MO,MO-02,209893,25-29,White,Postgrad,Male,Some,0
Midwest,MO,MO-02,209899,40-44,White,Postgrad,Male,Some,0
Midwest,MN,MN-02,209905,55-59,White,Some College,Female,Some,0
Midwest,MI,MI-04,209934,65-69,White,HS or less,Male,Not much,0
Midwest,IA,IA-02,209940,30-34,White,Some College,Female,Some,0
Midwest,IA,IA-02,209946,40-44,White,HS or less,Male,Some,0
Midwest,MI,MI-11,209969,75-79,White,Postgrad,Male,Some,0
Midwest,MI,MI-11,209981,65-69,White,BA/BS,Male,Some,0
Midwest,MI,MI-04,210022,40-44,Other,Postgrad,Male,Some,0
Midwest,MN,MN-01,210045,50-54,White,Some College,Female,Not much,0
Midwest,IL,IL-06,210063,75-79,White,BA/BS,Male,Some,0
Midwest,WI,WI-03,210080,45-49,White,Some College,Male,Not much,0
Midwest,WI,WI-03,210092,25-29,White,BA/BS,Female,Some,0
Midwest,MI,MI-11,210105,60-64,Black,Some College,Male,Some,0
Midwest,IA,IA-03,210111,75-79,White,Some College,Female,Some,0
Midwest,MI,MI-11,210117,80 plus,White,Some College,Female,A good deal,1
Midwest,MI,MI-11,210135,40-44,White,Postgrad,Male,Not much,0
Midwest,MI,MI-06,210141,70-74,White,Some College,Female,Some,0
Midwest,IA,IA-02,210153,65-69,White,HS or less,Female,A good deal,1
Midwest,MI,MI-11,210159,75-79,White,Postgrad,Male,A good deal,1
Midwest,MN,MN-08,210165,80 plus,White,Some College,Female,A good deal,1
Midwest,MO,MO-02,210177,75-79,White,Some College,Female,Some,0
Midwest,IL,IL-06,210183,35-39,White,Postgrad,Female,Some,0
Midwest,MI,MI-09,210201,50-54,White,Postgrad,Female,Some,0
Midwest,MN,MN-02,210207,65-69,White,Some College,Female,A good deal,1
Midwest,IA,IA-02,210213,50-54,White,Some College,Female,Some,0
Midwest,IA,IA-02,210219,70-74,White,BA/BS,Female,A good deal,1
Midwest,MN,MN-02,210225,80 plus,White,Some College,Male,A good deal,1
Midwest,MI,MI-06,210231,45-49,White,Postgrad,Female,A good deal,1
Midwest,IL,IL-11,210237,55-59,White,Postgrad,Female,Some,0
Midwest,MI,MI-09,210243,30-34,White,BA/BS,Male,Some,0
Midwest,MI,MI-11,210249,60-64,White,Some College,Female,A good deal,1
Midwest,MN,MN-01,210261,40-44,White,Postgrad,Male,Not much,0
Midwest,MI,MI-10,210267,70-74,White,Some College,Male,Not much,0
Midwest,MI,MI-11,210273,30-34,White,Postgrad,Female,Some,0
Midwest,IA,IA-03,210297,50-54,White,BA/BS,Male,Some,0
Midwest,IL,IL-06,210303,70-74,White,Some College,Female,A good deal,1
Midwest,IN,IN-03,210363,35-39,Hispanic,HS or less,Male,A good deal,1
Midwest,IN,IN-04,210387,18-24,White,Some College,Female,Not much,0
Midwest,IA,IA-02,210405,18-24,White,BA/BS,Male,Some,0
Midwest,OH,OH-05,210440,35-39,White,Some College,Female,Not much,0
Midwest,OH,OH-10,210544,25-29,White,Postgrad,Male,Some,0
Midwest,OH,OH-14,210602,70-74,White,Some College,Female,Some,0
Midwest,IL,IL-12,210608,60-64,White,Some College,Female,Not much,0
Midwest,OH,OH-10,210614,18-24,Other,HS or less,Female,A good deal,1
Midwest,IN,IN-03,210638,30-34,Black,HS or less,Female,Not much,0
Midwest,OH,OH-05,210650,35-39,White,Some College,Male,A good deal,1
Midwest,KS,KS-02,210698,35-39,White,Some College,Female,Some,0
Midwest,IL,IL-17,210722,55-59,White,Some College,Female,Some,0
Midwest,IN,IN-04,210728,65-69,White,BA/BS,Female,Some,0
Midwest,IA,IA-01,210734,65-69,White,HS or less,Male,A good deal,1
Midwest,IL,IL-17,210741,25-29,White,BA/BS,Female,Some,0
Midwest,IN,IN-02,210759,75-79,White,Some College,Male,Some,0
Midwest,MI,MI-04,210765,50-54,White,BA/BS,Female,Some,0
Midwest,IL,IL-17,210783,70-74,White,HS or less,Male,A good deal,1
Midwest,IL,IL-16,210789,50-54,White,Some College,Female,A good deal,1
Midwest,MI,MI-05,210854,75-79,White,HS or less,Male,Some,0
Midwest,IN,IN-01,210860,35-39,Hispanic,Some College,Female,Not much,0
Midwest,IL,IL-16,210913,25-29,White,Postgrad,Male,A good deal,1
Midwest,IL,IL-13,210919,30-34,White,HS or less,Female,A good deal,1
Midwest,IA,IA-01,210950,55-59,White,HS or less,Male,Some,0
Midwest,MI,MI-03,210956,35-39,Hispanic,HS or less,Female,Not much,0
Midwest,NE,NE-01,210992,30-34,White,Some College,Male,Not much,0
Midwest,SD,SD-00,210998,18-24,White,Some College,Male,Some,0
Midwest,WI,WI-01,211016,55-59,Hispanic,Some College,Female,Some,0
Midwest,WI,WI-06,211022,30-34,White,Some College,Female,Some,0
Midwest,IA,IA-04,211030,18-24,Hispanic,HS or less,Female,Some,0
Midwest,IN,IN-01,211036,35-39,White,BA/BS,Female,Not much,0
Midwest,IL,IL-11,211048,18-24,Hispanic,HS or less,Male,Not much,0
Midwest,MI,MI-04,211093,45-49,Black,HS or less,Male,Not much,0
Midwest,WI,WI-01,211099,65-69,White,BA/BS,Female,A good deal,1
Midwest,MI,MI-03,211105,55-59,White,HS or less,Male,Some,0
Midwest,WI,WI-01,211111,60-64,White,HS or less,Female,Some,0
Midwest,MI,MI-03,211123,60-64,White,HS or less,Female,Some,0
Midwest,IL,IL-13,211128,45-49,White,BA/BS,Male,Some,0
Midwest,WI,WI-01,211134,70-74,White,Postgrad,Female,Some,0
Midwest,IL,IL-14,211164,40-44,Hispanic,Some College,Female,Not much,0
Midwest,MI,MI-08,211176,25-29,Hispanic,HS or less,Female,Not much,0
Midwest,IL,IL-01,211187,70-74,White,BA/BS,Male,A good deal,1
Midwest,IA,IA-02,211193,65-69,White,HS or less,Male,Some,0
Midwest,SD,SD-00,211211,25-29,White,BA/BS,Male,Some,0
Midwest,SD,SD-00,211223,45-49,White,Some College,Female,Some,0
Midwest,WI,WI-06,211235,40-44,White,BA/BS,Female,Some,0
Midwest,WI,WI-01,211241,25-29,White,Postgrad,Male,A good deal,1
Midwest,WI,WI-03,211258,65-69,White,Some College,Female,Not much,0
Midwest,MI,MI-08,211288,70-74,Hispanic,Postgrad,Female,Not much,0
Midwest,IL,IL-01,211300,60-64,White,Some College,Female,A good deal,1
Midwest,WI,WI-06,211306,40-44,White,Some College,Male,A good deal,1
Midwest,NE,NE-01,211336,65-69,White,Some College,Female,Some,0
Midwest,WI,WI-06,211383,60-64,White,Some College,Female,A good deal,1
Midwest,MI,MI-05,211389,75-79,White,BA/BS,Male,Not much,0
Midwest,IL,IL-13,211395,80 plus,White,Some College,Male,Some,0
Midwest,MN,MN-08,211430,70-74,White,Some College,Male,Some,0
Midwest,IN,IN-05,211450,40-44,Black,HS or less,Male,Some,0
Midwest,KS,KS-03,211468,25-29,White,Some College,Male,A good deal,1
Midwest,MI,MI-07,211474,40-44,White,BA/BS,Female,Not much,0
Midwest,MI,MI-02,211492,55-59,White,Some College,Female,Some,0
Midwest,MI,MI-01,211554,18-24,Other,HS or less,Female,A good deal,1
Midwest,NE,NE-01,211566,25-29,Hispanic,Some College,Female,Not much,0
Midwest,WI,WI-08,211585,65-69,White,HS or less,Male,Some,0
Midwest,KS,KS-03,211621,25-29,Other,BA/BS,Female,Some,0
Midwest,KS,KS-03,211626,60-64,Black,Postgrad,Male,Some,0
Midwest,MI,MI-10,211638,55-59,Asian,Some College,Female,Some,0
Midwest,KS,KS-03,211656,30-34,White,BA/BS,Male,Some,0
Midwest,WI,WI-08,211662,60-64,White,BA/BS,Male,A good deal,1
Midwest,MI,MI-02,211673,30-34,White,Some College,Male,Not much,0
Midwest,MI,MI-10,211703,70-74,Black,HS or less,Female,A good deal,1
Midwest,NE,NE-02,211739,25-29,White,BA/BS,Male,Not much,0
Midwest,MI,MI-10,211745,35-39,White,Some College,Male,Some,0
Midwest,IA,IA-03,211810,80 plus,White,Some College,Female,Some,0
Midwest,KS,KS-03,211834,70-74,White,Some College,Female,Not much,0
Midwest,IN,IN-05,211840,80 plus,Black,Postgrad,Male,A good deal,1
Midwest,KS,KS-03,211852,40-44,White,BA/BS,Female,Some,0
Midwest,MI,MI-10,211876,25-29,White,BA/BS,Female,A good deal,1
Midwest,WI,WI-08,211887,75-79,White,HS or less,Male,Not much,0
Midwest,MN,MN-06,211911,65-69,White,Some College,Male,Some,0
Midwest,MI,MI-03,211929,80 plus,White,Postgrad,Male,Some,0
Midwest,MI,MI-09,211941,55-59,White,Postgrad,Male,Not much,0
Midwest,MI,MI-02,211947,65-69,White,Some College,Male,Not much,0
Midwest,KS,KS-03,211958,35-39,Other,Some College,Male,Not much,0
Midwest,IN,IN-05,211982,65-69,White,Some College,Female,A good deal,1
Midwest,MO,MO-06,211994,75-79,White,Postgrad,Male,A good deal,1
Midwest,WI,WI-08,212006,30-34,White,BA/BS,Female,Some,0
Midwest,MN,MN-06,212018,40-44,White,BA/BS,Male,Not much,0
Midwest,IN,IN-06,212072,25-29,White,HS or less,Female,Some,0
Midwest,KS,KS-04,212113,35-39,White,BA/BS,Female,A good deal,1
Midwest,MO,MO-06,212125,25-29,White,BA/BS,Female,Not much,0
Midwest,OH,OH-14,212149,30-34,Hispanic,Some College,Male,Not much,0
Midwest,OH,OH-13,212167,45-49,White,HS or less,Female,Some,0
Midwest,WI,WI-03,212178,30-34,White,Postgrad,Male,Some,0
Midwest,IL,IL-17,212191,18-24,White,BA/BS,Female,Some,0
Midwest,KS,KS-04,212202,60-64,White,HS or less,Female,Not much,0
Midwest,OH,OH-13,212214,40-44,Black,HS or less,Female,A good deal,1
Midwest,IN,IN-05,212220,25-29,White,HS or less,Male,Not much,0
Midwest,IN,IN-08,212225,30-34,White,HS or less,Female,Some,0
Midwest,IN,IN-02,212237,75-79,White,Some College,Male,Some,0
Midwest,MI,MI-01,212289,35-39,Other,HS or less,Female,Some,0
Midwest,OH,OH-13,212294,50-54,White,BA/BS,Male,A good deal,1
Midwest,MO,MO-07,212300,40-44,Other,BA/BS,Male,Not much,0
Midwest,IN,IN-02,212359,25-29,White,BA/BS,Female,Some,0
Midwest,MO,MO-07,212370,45-49,White,HS or less,Male,Not much,0
Midwest,KS,KS-02,212382,55-59,White,BA/BS,Female,Not much,0
Midwest,OH,OH-10,212388,35-39,White,BA/BS,Female,Some,0
Midwest,OH,OH-13,212394,35-39,White,Some College,Female,Not much,0
Midwest,IN,IN-02,212400,40-44,White,Some College,Female,Some,0
Midwest,IL,IL-14,212405,18-24,White,Some College,Female,Some,0
Midwest,KS,KS-02,212411,65-69,White,Some College,Female,Not much,0
Midwest,IN,IN-02,212417,35-39,Hispanic,Some College,Female,Some,0
Midwest,IA,IA-04,212423,55-59,Asian,HS or less,Male,Not much,0
Midwest,IN,IN-09,212441,55-59,White,BA/BS,Male,Some,0
Midwest,IL,IL-02,212463,40-44,White,Postgrad,Female,Some,0
Midwest,IN,IN-08,212475,60-64,White,Some College,Male,Some,0
Midwest,IL,IL-15,212481,75-79,White,Some College,Female,Some,0
Midwest,IN,IN-09,212487,65-69,White,Some College,Female,Some,0
Midwest,KS,KS-01,212493,50-54,White,Postgrad,Female,Some,0
Midwest,SD,SD-00,212498,70-74,White,HS or less,Female,Some,0
Midwest,IN,IN-08,212504,55-59,White,Some College,Male,A good deal,1
Midwest,OH,OH-06,212510,45-49,White,BA/BS,Male,Some,0
Midwest,KS,KS-01,212534,65-69,White,Postgrad,Male,A good deal,1
Midwest,MI,MI-05,212540,45-49,White,BA/BS,Female,Not much,0
Midwest,WI,WI-07,212558,65-69,White,HS or less,Male,Some,0
Midwest,MO,MO-07,212564,70-74,White,HS or less,Female,Not much,0
Midwest,IN,IN-02,212570,30-34,White,BA/BS,Male,Not much,0
Midwest,MO,MO-06,212581,35-39,White,HS or less,Female,Not much,0
Midwest,KS,KS-02,212599,25-29,White,Some College,Female,A good deal,1
Midwest,MN,MN-07,212670,70-74,White,BA/BS,Female,Some,0
Midwest,OH,OH-09,212687,45-49,Other,Some College,Male,Not much,0
Midwest,OH,OH-10,212699,60-64,Other,Some College,Female,A good deal,1
Midwest,OH,OH-12,212711,60-64,White,Some College,Male,Some,0
Midwest,SD,SD-00,212729,18-24,White,HS or less,Female,Some,0
Midwest,WI,WI-06,212747,30-34,White,BA/BS,Female,A good deal,1
Midwest,WI,WI-01,212753,35-39,White,HS or less,Male,Not much,0
Midwest,IL,IL-16,212783,18-24,White,HS or less,Male,A good deal,1
Midwest,IA,IA-01,212817,35-39,White,HS or less,Male,Some,0
Midwest,WI,WI-03,212823,70-74,White,Some College,Female,Some,0
Midwest,IA,IA-02,212842,45-49,White,Some College,Male,Some,0
Midwest,IL,IL-15,212860,18-24,White,HS or less,Female,A good deal,1
Midwest,MI,MI-01,212866,40-44,White,BA/BS,Male,A good deal,1
Midwest,WI,WI-03,212872,35-39,White,HS or less,Male,Not much,0
Midwest,WI,WI-07,212884,65-69,White,Some College,Male,Some,0
Midwest,IL,IL-13,212908,60-64,White,Some College,Male,Some,0
Midwest,IA,IA-02,212932,50-54,White,Postgrad,Female,Some,0
Midwest,MI,MI-05,212950,18-24,White,BA/BS,Female,A good deal,1
Midwest,OH,OH-14,212956,50-54,White,BA/BS,Female,Some,0
Midwest,WI,WI-01,212968,55-59,White,BA/BS,Male,Some,0
Midwest,OH,OH-08,212980,35-39,White,Postgrad,Female,Not much,0
Midwest,WI,WI-03,212998,50-54,White,Some College,Male,Some,0
Midwest,MI,MI-05,213012,65-69,White,BA/BS,Male,Some,0
Midwest,OH,OH-09,213024,70-74,White,Postgrad,Male,Some,0
Midwest,WI,WI-01,213053,30-34,White,BA/BS,Male,Not much,0
Midwest,OH,OH-08,213059,40-44,White,Postgrad,Male,Not much,0
Midwest,MI,MI-08,213083,30-34,White,Some College,Male,A good deal,1
Midwest,IL,IL-16,213094,50-54,White,BA/BS,Female,Some,0
Midwest,MN,MN-06,213100,35-39,White,Some College,Female,Some,0
Midwest,SD,SD-00,213124,60-64,White,Some College,Female,A good deal,1
Midwest,OH,OH-14,213135,65-69,White,Postgrad,Female,Some,0
Midwest,SD,SD-00,213147,60-64,White,HS or less,Male,A good deal,1
Midwest,OH,OH-08,213159,70-74,White,BA/BS,Male,Not much,0
Midwest,WI,WI-07,213188,65-69,White,HS or less,Female,A good deal,1
Midwest,IA,IA-01,213201,80 plus,White,HS or less,Female,Not much,0
Midwest,MI,MI-04,213206,40-44,White,Some College,Male,Some,0
Midwest,MI,MI-01,213212,60-64,White,HS or less,Male,Not much,0
Midwest,MI,MI-05,213218,25-29,Other,HS or less,Female,Not much,0
Midwest,MN,MN-01,213259,50-54,White,HS or less,Female,Not much,0
Midwest,WI,WI-06,213300,60-64,White,Some College,Male,Not much,0
Midwest,MI,MI-04,213345,60-64,White,HS or less,Female,A good deal,1
Midwest,MI,MI-04,213387,50-54,White,BA/BS,Male,Some,0
Midwest,WI,WI-06,213399,18-24,Hispanic,HS or less,Female,Not much,0
Midwest,OH,OH-01,213429,35-39,White,BA/BS,Male,Some,0
Midwest,OH,OH-07,213435,60-64,White,Some College,Female,Some,0
Midwest,MN,MN-08,213453,70-74,White,BA/BS,Male,Not much,0
Midwest,MI,MI-09,213471,55-59,White,Postgrad,Female,Not much,0
Midwest,WI,WI-06,213477,30-34,White,BA/BS,Female,Some,0
Midwest,MI,MI-01,213489,50-54,White,Some College,Male,Some,0
Midwest,MI,MI-07,213512,18-24,White,HS or less,Female,Not much,0
Midwest,MO,MO-02,213524,55-59,White,Some College,Male,Not much,0
Midwest,MI,MI-07,213530,55-59,White,Some College,Female,Not much,0
Midwest,MI,MI-04,213536,80 plus,White,BA/BS,Male,Some,0
Midwest,IN,IN-04,213542,45-49,White,Postgrad,Male,Some,0
Midwest,WI,WI-07,213560,55-59,White,HS or less,Male,A good deal,1
Midwest,OH,OH-04,213572,75-79,White,BA/BS,Male,Some,0
Midwest,MN,MN-08,213578,55-59,White,Some College,Male,Some,0
Midwest,MN,MN-08,213595,30-34,White,Postgrad,Male,Some,0
Midwest,MN,MN-08,213601,80 plus,White,Postgrad,Male,Some,0
Midwest,WI,WI-06,213607,75-79,White,Some College,Male,A good deal,1
Midwest,WI,WI-05,213631,25-29,White,BA/BS,Female,A good deal,1
Midwest,WI,WI-07,213643,65-69,White,Some College,Female,A good deal,1
Midwest,MN,MN-06,213649,75-79,White,BA/BS,Female,A good deal,1
Midwest,MN,MN-06,213660,50-54,White,BA/BS,Female,Some,0
Midwest,OH,OH-14,213666,65-69,White,BA/BS,Male,Some,0
Midwest,MI,MI-08,213684,70-74,White,BA/BS,Female,Some,0
Midwest,WI,WI-05,213690,35-39,White,BA/BS,Male,A good deal,1
Midwest,WI,WI-05,213696,65-69,White,Some College,Female,Some,0
Midwest,WI,WI-06,213702,50-54,White,HS or less,Male,Not much,0
Midwest,WI,WI-07,213708,80 plus,White,Some College,Female,A good deal,1
Midwest,MO,MO-03,213720,60-64,White,Postgrad,Male,Not much,0
Midwest,MI,MI-04,213725,65-69,White,HS or less,Male,A good deal,1
Midwest,MO,MO-03,213731,70-74,White,HS or less,Female,Not much,0
Midwest,MO,MO-03,213749,60-64,White,Some College,Female,Some,0
Midwest,WI,WI-08,213755,18-24,White,HS or less,Male,A good deal,1
Midwest,WI,WI-06,213779,70-74,White,Some College,Female,Some,0
Midwest,WI,WI-06,213785,60-64,White,Some College,Female,A good deal,1
Midwest,WI,WI-07,213791,75-79,White,Some College,Male,Some,0
Midwest,IL,IL-15,213798,50-54,White,Some College,Female,A good deal,1
Midwest,IN,IN-05,213822,18-24,Hispanic,HS or less,Female,A good deal,1
Midwest,IN,IN-04,213828,25-29,White,BA/BS,Female,Some,0
Midwest,IN,IN-02,213834,35-39,White,BA/BS,Female,Not much,0
Midwest,IN,IN-09,213845,25-29,White,Some College,Male,Some,0
Midwest,KS,KS-02,213869,18-24,White,HS or less,Female,Not much,0
Midwest,MO,MO-06,213875,45-49,Black,HS or less,Female,Some,0
Midwest,MO,MO-07,213893,30-34,White,Some College,Female,A good deal,1
Midwest,MO,MO-08,213899,30-34,White,Postgrad,Female,Some,0
Midwest,ND,ND-00,213916,55-59,White,HS or less,Female,Some,0
Midwest,OH,OH-06,213922,35-39,White,HS or less,Male,Some,0
Midwest,OH,OH-12,213952,30-34,Black,Some College,Male,Some,0
Midwest,IL,IL-02,213974,25-29,Black,HS or less,Female,Some,0
Midwest,IN,IN-06,213997,25-29,White,Some College,Female,Not much,0
Midwest,OH,OH-12,214003,45-49,White,Some College,Female,Some,0
Midwest,MO,MO-08,214020,60-64,White,BA/BS,Male,Some,0
Midwest,IN,IN-09,214037,45-49,White,Some College,Female,Some,0
Midwest,MO,MO-06,214054,50-54,White,Some College,Female,Some,0
Midwest,IN,IN-02,214063,75-79,White,BA/BS,Female,Some,0
Midwest,IN,IN-09,214069,55-59,White,HS or less,Male,A good deal,1
Midwest,IN,IN-08,214075,35-39,White,Postgrad,Male,Some,0
Midwest,MO,MO-08,214092,45-49,White,Some College,Male,Some,0
Midwest,IN,IN-08,214098,65-69,White,HS or less,Female,A good deal,1
Midwest,IN,IN-04,214128,35-39,White,Some College,Female,Some,0
Midwest,IN,IN-03,214134,30-34,White,BA/BS,Male,Some,0
Midwest,MO,MO-04,214139,45-49,White,Some College,Female,Not much,0
Midwest,IN,IN-04,214163,50-54,White,BA/BS,Male,Not much,0
Midwest,IN,IN-03,214175,70-74,White,Postgrad,Female,Not much,0
Midwest,IN,IN-04,214187,45-49,White,Some College,Male,A good deal,1
Midwest,OH,OH-04,214193,45-49,White,Some College,Female,Not much,0
Midwest,OH,OH-02,214204,50-54,White,Some College,Female,Not much,0
Midwest,MO,MO-06,214216,70-74,White,Some College,Male,A good deal,1
Midwest,MO,MO-08,214228,35-39,White,BA/BS,Male,Some,0
Midwest,MO,MO-04,214234,70-74,White,HS or less,Female,A good deal,1
Midwest,IN,IN-03,214243,60-64,White,BA/BS,Female,A good deal,1
Midwest,IN,IN-04,214249,45-49,White,Postgrad,Male,Some,0
Midwest,OH,OH-06,214255,45-49,White,Some College,Female,Some,0
Midwest,OH,OH-12,214267,30-34,White,Postgrad,Female,Some,0
Midwest,ND,ND-00,214278,30-34,White,Postgrad,Female,Some,0
Midwest,OH,OH-06,214296,65-69,White,HS or less,Female,Some,0
Midwest,MO,MO-07,214314,75-79,White,HS or less,Female,A good deal,1
Midwest,MO,MO-07,214319,45-49,White,HS or less,Female,Some,0
Midwest,MO,MO-08,214337,70-74,White,BA/BS,Male,Some,0
Midwest,MO,MO-07,214428,18-24,White,BA/BS,Female,Not much,0
Midwest,NE,NE-03,214451,70-74,White,HS or less,Female,Some,0
Midwest,OH,OH-06,214486,65-69,White,HS or less,Female,Some,0
Midwest,MO,MO-04,214505,18-24,White,HS or less,Male,Not much,0
Midwest,MO,MO-07,214511,60-64,White,HS or less,Female,Some,0
Midwest,IN,IN-09,214522,60-64,White,HS or less,Female,Some,0
Midwest,OH,OH-05,214534,50-54,White,HS or less,Male,Not much,0
Midwest,ND,ND-00,214582,45-49,White,BA/BS,Female,A good deal,1
Midwest,MO,MO-04,214594,40-44,White,HS or less,Female,Some,0
Midwest,MO,MO-07,214612,40-44,White,Some College,Female,Some,0
Midwest,OH,OH-07,214641,40-44,White,Some College,Female,Some,0
Midwest,MO,MO-04,214647,60-64,White,HS or less,Female,Some,0
Midwest,IN,IN-09,214664,50-54,White,BA/BS,Female,Some,0
Midwest,NE,NE-03,214670,70-74,White,BA/BS,Male,A good deal,1
Midwest,OH,OH-02,214688,18-24,White,Some College,Female,Some,0
Midwest,KS,KS-04,214717,30-34,White,Some College,Male,Some,0
Midwest,OH,OH-12,214723,50-54,White,HS or less,Female,Not much,0
Midwest,MO,MO-04,214729,75-79,White,HS or less,Male,Some,0
Midwest,MI,MI-02,214740,50-54,White,BA/BS,Male,Some,0
Midwest,MO,MO-07,214746,45-49,White,Postgrad,Female,Not much,0
Midwest,KS,KS-01,214752,60-64,White,Some College,Female,A good deal,1
Midwest,IA,IA-03,214772,75-79,White,HS or less,Male,Some,0
Midwest,IL,IL-12,214778,75-79,White,Some College,Female,Some,0
Midwest,KS,KS-03,214790,60-64,White,BA/BS,Female,Not much,0
Midwest,MO,MO-04,214796,35-39,White,Some College,Male,Some,0
Midwest,ND,ND-00,214832,50-54,White,Postgrad,Female,Some,0
Midwest,OH,OH-06,214843,35-39,White,Some College,Female,Some,0
Midwest,MO,MO-08,214855,40-44,White,Some College,Male,Not much,0
Midwest,OH,OH-05,214873,45-49,White,Some College,Male,Not much,0
Midwest,IN,IN-08,214897,45-49,White,Postgrad,Male,A good deal,1
Midwest,OH,OH-05,214915,70-74,White,HS or less,Male,Some,0
Midwest,MO,MO-07,214920,65-69,White,Postgrad,Male,Not much,0
Midwest,IL,IL-15,214932,30-34,White,HS or less,Male,Not much,0
Midwest,KS,KS-01,214950,30-34,White,HS or less,Male,Not much,0
Midwest,MI,MI-02,214962,45-49,Other,BA/BS,Female,Not much,0
Midwest,MN,MN-07,214968,80 plus,White,HS or less,Female,Some,0
Midwest,MO,MO-08,214986,40-44,White,Some College,Female,Some,0
Midwest,ND,ND-00,215003,18-24,Other,Some College,Female,A good deal,1
Midwest,OH,OH-05,215033,25-29,White,Some College,Female,Some,0
Midwest,WI,WI-05,215045,30-34,Hispanic,Some College,Female,Some,0
Midwest,OH,OH-02,215057,25-29,White,Some College,Female,Some,0
Midwest,OH,OH-02,215091,60-64,White,HS or less,Male,Some,0
Midwest,MO,MO-08,215114,18-24,White,HS or less,Male,Some,0
Midwest,MN,MN-07,215120,65-69,White,HS or less,Female,A good deal,1
Midwest,MN,MN-07,215137,35-39,White,Some College,Female,Some,0
Midwest,IL,IL-15,215155,25-29,White,HS or less,Male,Not much,0
Midwest,MI,MI-02,215185,18-24,White,HS or less,Female,Some,0
Midwest,MI,MI-09,215197,18-24,Hispanic,HS or less,Male,Not much,0
Midwest,KS,KS-01,215202,45-49,White,Some College,Male,A good deal,1
Midwest,IA,IA-04,215214,45-49,White,Postgrad,Female,A good deal,1
Midwest,MI,MI-02,215244,18-24,White,HS or less,Female,Not much,0
Midwest,KS,KS-04,215262,45-49,White,Postgrad,Male,Not much,0
Midwest,MI,MI-09,215279,18-24,Black,HS or less,Female,Not much,0
Midwest,IN,IN-09,215291,70-74,White,HS or less,Female,Some,0
Midwest,IA,IA-03,215301,60-64,White,BA/BS,Female,Some,0
Midwest,MI,MI-01,215319,60-64,White,Postgrad,Male,Some,0
Midwest,MO,MO-08,215343,30-34,White,Postgrad,Male,Some,0
Midwest,MO,MO-08,215361,70-74,White,Some College,Male,A good deal,1
Midwest,MI,MI-02,215391,80 plus,White,BA/BS,Female,Some,0
Midwest,IL,IL-12,215415,40-44,White,BA/BS,Female,Some,0
Midwest,MO,MO-04,215421,65-69,White,HS or less,Male,Some,0
Midwest,OH,OH-08,215445,40-44,White,Some College,Male,Some,0
Midwest,MN,MN-08,215451,60-64,White,Some College,Male,Some,0
Midwest,SD,SD-00,215457,65-69,White,BA/BS,Male,Some,0
South,AL,AL-02,215487,40-44,Black,BA/BS,Female,A good deal,1
South,MD,MD-07,215540,30-34,Black,HS or less,Female,Not much,0
South,MS,MS-02,215581,35-39,Hispanic,Some College,Female,Not much,0
South,TN,TN-09,215611,18-24,Black,HS or less,Male,Some,0
South,TN,TN-09,215617,60-64,Black,Some College,Male,Not much,0
South,TN,TN-09,215629,35-39,Hispanic,Some College,Female,A good deal,1
South,TX,TX-24,215658,40-44,White,BA/BS,Female,Some,0
South,TX,TX-30,215815,40-44,Black,HS or less,Female,Some,0
South,TX,TX-30,215821,35-39,Black,Postgrad,Male,Some,0
South,GA,GA-05,215985,35-39,Black,Postgrad,Female,A good deal,1
South,LA,LA-02,216008,55-59,Black,HS or less,Female,Some,0
South,MD,MD-07,216020,35-39,White,BA/BS,Female,A good deal,1
South,TX,TX-24,216085,30-34,White,BA/BS,Male,Some,0
South,TX,TX-16,216091,30-34,Hispanic,BA/BS,Male,A good deal,1
South,TX,TX-16,216103,55-59,Hispanic,BA/BS,Female,Some,0
South,TX,TX-24,216109,55-59,White,Postgrad,Male,A good deal,1
South,TX,TX-33,216150,40-44,Black,HS or less,Male,Some,0
South,VA,VA-03,216162,60-64,White,Postgrad,Male,Some,0
South,GA,GA-10,216210,55-59,White,Postgrad,Female,Some,0
South,GA,GA-05,216216,55-59,Hispanic,HS or less,Male,Not much,0
South,TN,TN-08,216251,18-24,White,Some College,Female,Some,0
South,MS,MS-02,216257,80 plus,White,Some College,Female,A good deal,1
South,AL,AL-02,216281,25-29,White,BA/BS,Female,Some,0
South,TN,TN-09,216318,50-54,Black,Some College,Female,Some,0
South,TX,TX-32,216383,70-74,White,Postgrad,Female,Some,0
South,TN,TN-08,216395,40-44,White,BA/BS,Female,Some,0
South,TX,TX-05,216407,40-44,White,Some College,Female,Some,0
South,MS,MS-02,216413,25-29,White,Some College,Female,Not much,0
South,TN,TN-08,216419,35-39,White,BA/BS,Female,A good deal,1
South,GA,GA-13,216442,65-69,White,BA/BS,Female,A good deal,1
South,TN,TN-09,216448,75-79,White,Some College,Female,Some,0
South,VA,VA-03,216454,60-64,White,Some College,Female,A good deal,1
South,SC,SC-02,216466,70-74,White,Some College,Male,Not much,0
South,TX,TX-05,216478,75-79,White,BA/BS,Male,A good deal,1
South,GA,GA-12,216484,65-69,White,HS or less,Male,A good deal,1
DC,DC,DC-98,216510,50-54,White,Postgrad,Female,A good deal,1
DC,DC,DC-98,216522,18-24,White,BA/BS,Female,A good deal,1
DC,DC,DC-98,216528,25-29,Black,Postgrad,Female,Some,0
South,GA,GA-07,216593,40-44,White,BA/BS,Female,Some,0
South,MD,MD-05,216687,35-39,Asian,BA/BS,Male,Some,0
South,VA,VA-03,216735,25-29,White,HS or less,Female,Some,0
South,VA,VA-04,216746,70-74,White,Postgrad,Female,Some,0
South,VA,VA-04,216752,25-29,White,BA/BS,Male,Not much,0
South,MD,MD-02,216804,30-34,White,Postgrad,Female,A good deal,1
South,GA,GA-04,216816,30-34,Other,HS or less,Male,Not much,0
South,MD,MD-02,216852,25-29,White,BA/BS,Female,Some,0
South,MD,MD-02,216874,25-29,Black,Postgrad,Female,Some,0
South,GA,GA-05,216880,55-59,Black,BA/BS,Female,Some,0
South,MD,MD-02,216934,55-59,Black,Some College,Female,Some,0
South,GA,GA-04,216952,18-24,Black,HS or less,Male,A good deal,1
South,VA,VA-03,216976,65-69,Black,HS or less,Female,Some,0
South,GA,GA-05,216982,80 plus,Black,Some College,Female,Some,0
DC,DC,DC-98,216988,30-34,Hispanic,Postgrad,Female,A good deal,1
South,GA,GA-04,216993,55-59,Black,BA/BS,Female,Some,0
South,TN,TN-06,217005,40-44,Black,Some College,Male,Some,0
South,VA,VA-04,217011,30-34,White,Some College,Female,Not much,0
South,MS,MS-03,217017,30-34,White,BA/BS,Male,Some,0
South,FL,FL-03,217023,45-49,Hispanic,Some College,Female,Some,0
South,GA,GA-06,217041,60-64,Hispanic,HS or less,Female,A good deal,1
South,MD,MD-01,217059,60-64,Black,Postgrad,Male,Some,0
South,MD,MD-02,217071,18-24,Asian,Postgrad,Female,Some,0
South,DE,DE-00,217089,70-74,White,HS or less,Female,A good deal,1
South,MD,MD-02,217119,25-29,White,BA/BS,Female,Some,0
South,TN,TN-05,217125,25-29,White,BA/BS,Female,Some,0
South,GA,GA-07,217131,80 plus,White,Some College,Female,Some,0
South,LA,LA-02,217136,45-49,White,HS or less,Female,Some,0
South,MD,MD-07,217148,40-44,White,BA/BS,Female,Some,0
South,GA,GA-05,217182,35-39,Black,BA/BS,Male,Some,0
South,TN,TN-05,217223,30-34,White,BA/BS,Female,Not much,0
South,VA,VA-10,217228,70-74,White,HS or less,Female,A good deal,1
South,GA,GA-05,217234,70-74,Black,HS or less,Female,A good deal,1
South,GA,GA-04,217240,80 plus,White,BA/BS,Female,Some,0
South,FL,FL-03,217258,60-64,White,Some College,Female,A good deal,1
DC,DC,DC-98,217263,80 plus,White,BA/BS,Female,Some,0
South,VA,VA-05,217275,40-44,White,Postgrad,Male,Some,0
South,GA,GA-06,217287,25-29,White,BA/BS,Female,Some,0
South,MD,MD-02,217298,65-69,White,Postgrad,Male,Some,0
South,GA,GA-06,217369,18-24,White,Some College,Male,A good deal,1
South,FL,FL-25,217431,25-29,Hispanic,BA/BS,Female,Some,0
South,NC,NC-04,217497,35-39,Hispanic,Some College,Female,Some,0
South,NC,NC-12,217527,65-69,White,Some College,Female,Some,0
South,NC,NC-12,217533,60-64,White,Some College,Male,A good deal,1
South,TX,TX-37,217610,40-44,White,Some College,Male,Some,0
South,TX,TX-37,217616,18-24,Black,HS or less,Female,Some,0
South,VA,VA-08,217634,50-54,Black,Some College,Male,Some,0
South,NC,NC-14,217701,35-39,Black,Postgrad,Female,Some,0
South,VA,VA-11,217719,55-59,Asian,Postgrad,Female,Some,0
South,VA,VA-05,217731,30-34,White,Postgrad,Female,A good deal,1
South,FL,FL-23,217737,25-29,Hispanic,BA/BS,Female,A good deal,1
South,VA,VA-04,217749,50-54,Black,Some College,Male,Some,0
South,VA,VA-11,217778,50-54,Black,HS or less,Male,Some,0
South,MD,MD-03,217808,55-59,Asian,BA/BS,Female,Some,0
South,VA,VA-11,217890,55-59,White,Postgrad,Male,Some,0
South,NC,NC-14,217907,45-49,Other,BA/BS,Female,Not much,0
South,MD,MD-08,217943,30-34,Asian,BA/BS,Female,Some,0
South,VA,VA-01,217948,40-44,White,Postgrad,Female,Some,0
South,NC,NC-04,217954,25-29,Asian,BA/BS,Male,Not much,0
South,TX,TX-35,217972,60-64,White,Some College,Female,A good deal,1
South,VA,VA-08,217995,40-44,White,BA/BS,Male,A good deal,1
South,VA,VA-11,218013,45-49,White,Some College,Female,Some,0
South,VA,VA-10,218031,40-44,White,Postgrad,Female,A good deal,1
South,VA,VA-08,218037,30-34,White,Postgrad,Female,Some,0
South,MD,MD-08,218066,18-24,Hispanic,HS or less,Male,Some,0
South,NC,NC-14,218090,25-29,Black,BA/BS,Female,Some,0
South,TX,TX-37,218137,65-69,White,Some College,Male,A good deal,1
South,MD,MD-08,218160,70-74,White,Postgrad,Male,Some,0
South,VA,VA-04,218166,55-59,Asian,BA/BS,Female,Some,0
South,VA,VA-01,218236,35-39,White,BA/BS,Male,Some,0
South,VA,VA-08,218284,75-79,White,BA/BS,Male,A good deal,1
South,MD,MD-08,218296,80 plus,White,Postgrad,Male,A good deal,1
South,VA,VA-08,218331,45-49,White,Postgrad,Female,A good deal,1
South,TX,TX-37,218349,70-74,White,BA/BS,Male,A good deal,1
South,FL,FL-23,218361,40-44,Asian,BA/BS,Female,Some,0
South,VA,VA-11,218373,45-49,Asian,Postgrad,Female,Some,0
South,FL,FL-20,218379,60-64,White,BA/BS,Male,Some,0
South,FL,FL-23,218397,65-69,Asian,Postgrad,Male,A good deal,1
South,TX,TX-37,218408,80 plus,White,Postgrad,Female,Some,0
South,VA,VA-08,218414,65-69,White,BA/BS,Female,Some,0
South,FL,FL-20,218420,75-79,White,Some College,Female,A good deal,1
South,TX,TX-37,218426,40-44,White,BA/BS,Female,Not much,0
South,VA,VA-01,218444,75-79,White,BA/BS,Female,A good deal,1
South,FL,FL-25,218450,70-74,White,BA/BS,Male,A good deal,1
South,AR,AR-01,218487,40-44,White,Some College,Female,Some,0
South,AR,AR-02,218516,25-29,Black,BA/BS,Female,Some,0
South,NC,NC-09,218551,40-44,White,BA/BS,Male,Some,0
South,TX,TX-20,218575,35-39,Black,Some College,Female,Some,0
South,TX,TX-35,218587,18-24,Hispanic,Some College,Female,Not much,0
South,TX,TX-20,218598,60-64,Hispanic,HS or less,Female,Some,0
South,TX,TX-35,218622,18-24,White,BA/BS,Female,Not much,0
South,TX,TX-35,218628,30-34,Hispanic,Some College,Male,Not much,0
South,TX,TX-34,218657,40-44,Hispanic,Some College,Female,Some,0
South,TX,TX-15,218681,40-44,Hispanic,Some College,Female,Not much,0
South,TX,TX-15,218693,35-39,Hispanic,BA/BS,Female,Some,0
South,TX,TX-34,218739,35-39,Hispanic,BA/BS,Male,Not much,0
South,TX,TX-34,218787,50-54,Hispanic,BA/BS,Female,Some,0
South,AR,AR-02,218805,35-39,Black,HS or less,Female,A good deal,1
South,TX,TX-28,218811,35-39,Hispanic,Some College,Male,Some,0
South,VA,VA-06,218847,65-69,Black,Some College,Male,A good deal,1
South,TX,TX-34,218870,45-49,Other,HS or less,Female,Not much,0
South,TX,TX-34,218906,60-64,Hispanic,HS or less,Male,A good deal,1
South,TX,TX-21,218935,65-69,Black,BA/BS,Female,Some,0
South,TN,TN-08,218958,18-24,White,HS or less,Male,Not much,0
South,LA,LA-04,218970,80 plus,White,HS or less,Male,Not much,0
South,TX,TX-35,218982,75-79,White,HS or less,Female,Some,0
South,TX,TX-21,219000,50-54,White,Some College,Female,Not much,0
South,TX,TX-15,219014,70-74,White,BA/BS,Male,Not much,0
South,LA,LA-04,219032,18-24,Asian,HS or less,Male,Not much,0
South,AR,AR-02,219050,60-64,White,Some College,Male,Some,0
South,TX,TX-15,219056,30-34,Black,HS or less,Male,Some,0
South,AR,AR-04,219092,60-64,White,Postgrad,Male,Not much,0
South,TX,TX-21,219098,60-64,Other,Some College,Female,Not much,0
South,TX,TX-20,219104,80 plus,White,Some College,Male,Some,0
South,FL,FL-10,219155,35-39,Asian,Postgrad,Male,Some,0
South,KY,KY-03,219232,35-39,White,Postgrad,Female,Some,0
South,KY,KY-03,219244,55-59,White,HS or less,Female,A good deal,1
South,NC,NC-01,219279,70-74,Black,BA/BS,Male,Not much,0
South,SC,SC-06,219297,18-24,Black,HS or less,Male,Some,0
South,SC,SC-06,219303,18-24,Hispanic,BA/BS,Female,Not much,0
South,TX,TX-18,219350,50-54,White,Postgrad,Male,Some,0
South,TX,TX-18,219373,40-44,White,HS or less,Male,Some,0
South,TX,TX-02,219391,18-24,White,HS or less,Female,A good deal,1
South,TX,TX-07,219397,25-29,Black,HS or less,Male,Some,0
South,TX,TX-09,219491,18-24,White,BA/BS,Female,A good deal,1
South,TX,TX-09,219497,40-44,Black,HS or less,Male,Some,0
South,TX,TX-07,219521,18-24,Hispanic,HS or less,Female,Not much,0
South,TX,TX-07,219556,40-44,Black,BA/BS,Male,Some,0
South,TX,TX-29,219562,25-29,Other,HS or less,Female,Some,0
South,TX,TX-09,219568,35-39,Hispanic,HS or less,Male,Some,0
South,TX,TX-18,219586,30-34,Black,HS or less,Male,Some,0
South,VA,VA-03,219609,40-44,Black,BA/BS,Female,Some,0
South,KY,KY-03,219621,30-34,Hispanic,Some College,Male,Some,0
South,MS,MS-01,219674,30-34,White,HS or less,Female,Some,0
South,GA,GA-01,219697,30-34,White,Postgrad,Female,Not much,0
South,TX,TX-29,219703,35-39,Hispanic,Some College,Male,Some,0
South,GA,GA-01,219709,18-24,White,HS or less,Female,Some,0
South,AL,AL-07,219756,30-34,Black,Some College,Male,Some,0
South,FL,FL-10,219776,70-74,Black,Some College,Female,Some,0
South,TX,TX-08,219835,70-74,Black,HS or less,Male,A good deal,1
South,TX,TX-38,219853,25-29,Hispanic,Postgrad,Male,A good deal,1
South,TX,TX-07,219888,50-54,White,BA/BS,Female,Some,0
South,FL,FL-11,219894,45-49,Black,Some College,Male,Some,0
South,KY,KY-06,219900,45-49,White,Postgrad,Female,Some,0
South,KY,KY-03,220006,40-44,White,BA/BS,Male,Some,0
South,TX,TX-02,220035,70-74,White,BA/BS,Female,Some,0
South,FL,FL-09,220047,18-24,White,Some College,Female,Some,0
South,TX,TX-38,220059,55-59,White,BA/BS,Male,Some,0
South,LA,LA-06,220088,65-69,Hispanic,Some College,Female,A good deal,1
South,NC,NC-01,220094,40-44,White,Some College,Female,Some,0
South,VA,VA-06,220100,30-34,White,HS or less,Male,A good deal,1
South,SC,SC-05,220142,55-59,White,Postgrad,Male,Some,0
South,TX,TX-08,220171,60-64,Other,Postgrad,Male,Not much,0
South,AL,AL-07,220183,75-79,White,Some College,Male,Some,0
South,AL,AL-07,220189,55-59,White,BA/BS,Female,A good deal,1
South,LA,LA-05,220202,55-59,White,BA/BS,Male,Some,0
South,KY,KY-06,220220,45-49,Black,Some College,Female,Some,0
South,TX,TX-09,220244,70-74,Black,HS or less,Male,Some,0
South,FL,FL-10,220274,55-59,White,HS or less,Male,Some,0
South,TX,TX-35,220279,50-54,White,BA/BS,Female,Some,0
South,KY,KY-06,220303,50-54,White,BA/BS,Male,A good deal,1
South,MS,MS-01,220315,70-74,White,BA/BS,Female,A good deal,1
South,SC,SC-01,220321,45-49,White,Postgrad,Male,A good deal,1
South,TX,TX-38,220327,35-39,Asian,BA/BS,Male,A good deal,1
South,KY,KY-03,220339,50-54,White,BA/BS,Female,Some,0
South,FL,FL-09,220398,25-29,White,HS or less,Male,A good deal,1
South,TX,TX-38,220458,70-74,White,BA/BS,Male,Some,0
South,TX,TX-02,220464,45-49,White,Some College,Female,Some,0
South,FL,FL-11,220476,40-44,White,Some College,Female,Some,0
South,GA,GA-08,220493,70-74,White,BA/BS,Male,A good deal,1
South,FL,FL-14,220508,75-79,Hispanic,HS or less,Male,A good deal,1
South,FL,FL-15,220531,65-69,White,Some College,Male,A good deal,1
South,FL,FL-09,220561,30-34,Hispanic,HS or less,Female,Some,0
South,GA,GA-04,220661,65-69,Black,Some College,Female,Some,0
South,GA,GA-04,220666,30-34,Black,HS or less,Female,A good deal,1
South,MD,MD-06,220702,70-74,White,Postgrad,Male,A good deal,1
South,NC,NC-02,220760,30-34,White,Postgrad,Male,Some,0
South,NC,NC-02,220778,30-34,White,BA/BS,Male,Some,0
South,VA,VA-01,220813,45-49,White,Postgrad,Female,A good deal,1
South,VA,VA-10,220819,80 plus,White,Some College,Male,A good deal,1
South,FL,FL-09,220852,18-24,Hispanic,HS or less,Female,Some,0
South,FL,FL-22,220858,35-39,Hispanic,HS or less,Female,A good deal,1
South,GA,GA-04,220882,25-29,Asian,BA/BS,Female,A good deal,1
South,FL,FL-22,220893,35-39,White,HS or less,Male,A good deal,1
South,GA,GA-14,220922,40-44,Hispanic,Postgrad,Male,Some,0
South,FL,FL-22,220946,60-64,White,Some College,Female,A good deal,1
South,NC,NC-05,220960,35-39,Black,Some College,Male,Some,0
South,GA,GA-03,220984,25-29,Black,Some College,Male,Some,0
South,NC,NC-02,221037,25-29,White,HS or less,Male,A good deal,1
South,NC,NC-10,221043,35-39,Black,Some College,Male,Some,0
South,FL,FL-14,221067,60-64,White,Some College,Female,Some,0
South,VA,VA-01,221073,65-69,White,Postgrad,Male,A good deal,1
South,TX,TX-22,221138,30-34,Black,Some College,Female,Some,0
South,VA,VA-01,221144,30-34,Other,Some College,Female,Not much,0
South,GA,GA-09,221162,25-29,Hispanic,HS or less,Female,Not much,0
South,NC,NC-13,221180,55-59,White,Postgrad,Female,Some,0
South,NC,NC-11,221186,18-24,Hispanic,HS or less,Female,Some,0
South,NC,NC-04,221210,60-64,White,BA/BS,Male,A good deal,1
South,VA,VA-10,221222,65-69,White,Postgrad,Male,Some,0
South,VA,VA-04,221263,40-44,Black,BA/BS,Female,Some,0
South,FL,FL-22,221311,65-69,White,Some College,Male,A good deal,1
South,FL,FL-09,221346,40-44,Hispanic,HS or less,Female,Some,0
South,TX,TX-07,221358,30-34,Hispanic,BA/BS,Female,Not much,0
South,NC,NC-13,221382,45-49,White,HS or less,Female,Some,0
South,TX,TX-22,221406,65-69,White,Some College,Male,Some,0
South,FL,FL-14,221445,65-69,Black,Postgrad,Female,A good deal,1
South,GA,GA-13,221457,60-64,Black,HS or less,Male,Some,0
South,NC,NC-02,221469,50-54,White,BA/BS,Female,Some,0
South,GA,GA-11,221474,50-54,White,Postgrad,Female,A good deal,1
South,MD,MD-05,221486,40-44,White,Postgrad,Female,Some,0
South,FL,FL-16,221492,65-69,Hispanic,Some College,Female,A good deal,1
South,FL,FL-22,221510,80 plus,White,Some College,Male,Some,0
South,FL,FL-22,221522,80 plus,White,Postgrad,Female,A good deal,1
South,NC,NC-10,221527,65-69,White,Some College,Female,A good deal,1
South,GA,GA-03,221545,65-69,Hispanic,Some College,Female,A good deal,1
South,FL,FL-22,221551,50-54,White,Some College,Male,Some,0
South,GA,GA-13,221569,55-59,Hispanic,Some College,Male,Some,0
South,NC,NC-06,221581,80 plus,Black,BA/BS,Male,A good deal,1
South,FL,FL-22,221586,40-44,White,Postgrad,Female,A good deal,1
South,NC,NC-05,221592,50-54,White,Postgrad,Female,A good deal,1
South,NC,NC-09,221616,50-54,White,BA/BS,Male,Some,0
South,MD,MD-03,221645,75-79,White,HS or less,Male,A good deal,1
South,GA,GA-04,221651,55-59,Asian,Postgrad,Male,A good deal,1
South,GA,GA-13,221693,70-74,White,Postgrad,Female,Not much,0
South,FL,FL-14,221698,80 plus,White,Some College,Female,Some,0
South,FL,FL-15,221704,65-69,White,HS or less,Male,Not much,0
South,FL,FL-23,221728,55-59,Hispanic,BA/BS,Female,Not much,0
South,VA,VA-01,221751,40-44,White,Some College,Male,Not much,0
South,FL,FL-09,221757,75-79,White,BA/BS,Male,Some,0
South,AL,AL-02,221768,25-29,White,HS or less,Female,Not much,0
South,AL,AL-02,221774,45-49,Other,Some College,Female,Some,0
South,AR,AR-03,221786,18-24,Hispanic,HS or less,Male,A good deal,1
South,AR,AR-03,221792,18-24,Other,Some College,Male,Some,0
South,LA,LA-02,221816,25-29,Hispanic,BA/BS,Female,Some,0
South,MS,MS-04,221834,40-44,Black,HS or less,Female,Some,0
South,OK,OK-03,221869,25-29,Hispanic,BA/BS,Male,A good deal,1
South,OK,OK-04,221881,35-39,Black,HS or less,Female,Some,0
South,OK,OK-01,221911,30-34,White,Some College,Female,A good deal,1
South,TN,TN-03,221959,35-39,Hispanic,HS or less,Male,A good deal,1
South,TN,TN-07,222001,25-29,Hispanic,BA/BS,Male,Not much,0
South,TX,TX-10,222018,70-74,Asian,Postgrad,Male,Some,0
South,VA,VA-05,222066,30-34,Asian,Postgrad,Male,Some,0
South,OK,OK-01,222107,25-29,Black,Some College,Female,Not much,0
South,TX,TX-23,222124,30-34,Hispanic,BA/BS,Male,A good deal,1
South,TX,TX-27,222159,40-44,White,BA/BS,Female,Some,0
South,OK,OK-01,222189,50-54,Other,Some College,Male,A good deal,1
South,AL,AL-02,222194,30-34,White,Some College,Female,Not much,0
South,AL,AL-07,222200,40-44,White,Some College,Female,Some,0
South,AL,AL-07,222218,35-39,White,HS or less,Male,Not much,0
South,OK,OK-01,222294,45-49,White,Postgrad,Female,Some,0
South,OK,OK-03,222306,60-64,White,HS or less,Male,Some,0
South,NC,NC-08,222336,18-24,Other,Some College,Female,Some,0
South,TN,TN-02,222342,40-44,Black,Some College,Male,Some,0
South,TN,TN-02,222348,25-29,White,BA/BS,Male,Some,0
South,TN,TN-03,222377,18-24,Hispanic,Some College,Female,A good deal,1
South,AL,AL-07,222389,80 plus,White,HS or less,Male,A good deal,1
South,TN,TN-02,222425,70-74,White,BA/BS,Male,Some,0
South,TN,TN-07,222436,65-69,Hispanic,Some College,Male,Some,0
South,OK,OK-01,222460,60-64,White,BA/BS,Male,Not much,0
South,AL,AL-02,222466,45-49,White,Some College,Male,Not much,0
South,TX,TX-10,222472,55-59,White,BA/BS,Female,Some,0
South,AL,AL-01,222502,65-69,White,BA/BS,Female,Some,0
South,TN,TN-02,222535,25-29,White,BA/BS,Male,Not much,0
South,OK,OK-01,222541,35-39,White,Postgrad,Female,Some,0
South,AR,AR-01,222547,70-74,White,Postgrad,Male,Some,0
South,TX,TX-28,222553,50-54,Hispanic,HS or less,Male,Some,0
South,TN,TN-03,222565,80 plus,White,Postgrad,Male,A good deal,1
South,NC,NC-11,222583,40-44,White,Some College,Male,Some,0
South,TX,TX-27,222589,70-74,Hispanic,BA/BS,Female,Some,0
South,OK,OK-05,222607,70-74,White,Some College,Male,A good deal,1
South,TX,TX-14,222613,80 plus,White,HS or less,Female,Not much,0
South,OK,OK-05,222619,75-79,White,Some College,Female,Some,0
South,TN,TN-08,222631,35-39,White,Postgrad,Male,Some,0
South,OK,OK-05,222643,65-69,White,Postgrad,Female,A good deal,1
South,OK,OK-05,222655,35-39,White,Postgrad,Female,Some,0
South,SC,SC-07,222666,65-69,White,Some College,Female,Not much,0
South,OK,OK-03,222678,60-64,White,Some College,Male,A good deal,1
South,TX,TX-31,222690,65-69,White,Some College,Female,Not much,0
South,AL,AL-01,222702,55-59,White,Some College,Male,Some,0
South,FL,FL-18,222780,25-29,Hispanic,HS or less,Female,Some,0
South,FL,FL-06,222803,40-44,Hispanic,HS or less,Male,Some,0
South,FL,FL-06,222815,45-49,Black,HS or less,Female,Some,0
South,LA,LA-06,222833,50-54,White,HS or less,Female,Not much,0
South,MS,MS-01,222845,25-29,Other,HS or less,Male,Some,0
South,TX,TX-12,222951,30-34,Asian,Some College,Male,Some,0
South,TX,TX-25,222969,25-29,White,BA/BS,Female,Some,0
South,FL,FL-05,223020,45-49,Black,Some College,Male,Some,0
South,DE,DE-00,223044,40-44,Other,Some College,Female,Some,0
South,TX,TX-12,223092,25-29,White,BA/BS,Female,Not much,0
South,VA,VA-02,223104,35-39,White,Postgrad,Male,Not much,0
South,FL,FL-05,223122,30-34,White,HS or less,Male,Not much,0
South,FL,FL-05,223128,55-59,White,Some College,Female,A good deal,1
South,SC,SC-01,223152,35-39,White,BA/BS,Female,Not much,0
South,SC,SC-01,223183,45-49,Black,Some College,Female,Some,0
South,LA,LA-06,223195,55-59,Black,HS or less,Male,Some,0
South,FL,FL-04,223201,50-54,Black,HS or less,Male,Some,0
South,VA,VA-02,223224,25-29,Hispanic,HS or less,Male,Some,0
South,TX,TX-25,223242,18-24,Black,HS or less,Male,Not much,0
South,VA,VA-02,223290,45-49,Asian,Postgrad,Male,Some,0
South,TX,TX-12,223296,65-69,White,Some College,Female,A good deal,1
South,FL,FL-18,223331,75-79,White,BA/BS,Male,Not much,0
South,AL,AL-05,223361,45-49,White,Some College,Male,A good deal,1
South,TN,TN-04,223385,75-79,White,BA/BS,Female,Some,0
South,FL,FL-06,223432,65-69,White,HS or less,Male,A good deal,1
South,FL,FL-06,223438,60-64,Hispanic,HS or less,Male,Some,0
South,FL,FL-05,223462,40-44,White,Some College,Female,A good deal,1
South,TX,TX-24,223480,18-24,White,BA/BS,Male,Some,0
South,FL,FL-15,223533,55-59,White,Some College,Male,Not much,0
South,DE,DE-00,223572,80 plus,White,Some College,Male,A good deal,1
South,FL,FL-06,223577,40-44,White,Some College,Male,Not much,0
South,FL,FL-18,223583,80 plus,White,Some College,Male,Not much,0
South,MS,MS-03,223601,60-64,Black,Some College,Female,Some,0
South,TX,TX-23,223636,70-74,Asian,Some College,Male,Some,0
South,FL,FL-05,223659,80 plus,White,Some College,Male,Some,0
South,NC,NC-09,223665,70-74,White,BA/BS,Female,A good deal,1
South,VA,VA-02,223671,75-79,White,BA/BS,Female,A good deal,1
South,FL,FL-07,223677,40-44,White,Some College,Female,Not much,0
South,TX,TX-12,223689,18-24,Hispanic,Some College,Male,Some,0
South,FL,FL-18,223718,40-44,Hispanic,HS or less,Female,A good deal,1
South,VA,VA-02,223730,65-69,White,BA/BS,Female,Some,0
South,TX,TX-12,223753,40-44,White,BA/BS,Female,Some,0
South,FL,FL-04,223765,50-54,White,Some College,Female,A good deal,1
South,TN,TN-04,223771,55-59,White,BA/BS,Male,A good deal,1
South,TX,TX-12,223800,65-69,White,BA/BS,Male,A good deal,1
South,FL,FL-18,223806,45-49,White,BA/BS,Female,Some,0
South,TN,TN-04,223812,65-69,White,Some College,Female,Some,0
South,DE,DE-00,223825,40-44,White,HS or less,Male,Some,0
South,FL,FL-24,223890,18-24,White,BA/BS,Female,Some,0
South,FL,FL-13,223950,40-44,White,Some College,Male,Some,0
South,FL,FL-13,223967,55-59,Black,Some College,Female,Some,0
South,FL,FL-14,223979,25-29,Hispanic,BA/BS,Male,Some,0
South,FL,FL-14,223985,30-34,White,HS or less,Female,A good deal,1
South,MS,MS-03,224056,45-49,Black,Postgrad,Male,Some,0
South,NC,NC-07,224079,40-44,White,Some College,Male,Not much,0
South,NC,NC-07,224085,18-24,White,HS or less,Male,A good deal,1
South,TX,TX-26,224150,18-24,White,HS or less,Female,Some,0
South,TX,TX-37,224174,25-29,White,BA/BS,Female,Not much,0
South,TX,TX-17,224180,45-49,Other,Postgrad,Female,Some,0
South,TX,TX-13,224287,18-24,White,Some College,Male,Some,0
South,TX,TX-03,224316,35-39,Asian,Postgrad,Female,Some,0
South,TX,TX-31,224322,40-44,White,Postgrad,Male,Some,0
South,FL,FL-14,224340,65-69,Black,Some College,Female,Some,0
South,MS,MS-03,224352,18-24,Black,HS or less,Female,Some,0
South,FL,FL-21,224364,50-54,Black,HS or less,Male,A good deal,1
South,TX,TX-03,224416,60-64,White,BA/BS,Male,A good deal,1
South,TX,TX-03,224422,35-39,Hispanic,BA/BS,Female,Some,0
South,FL,FL-13,224440,70-74,White,HS or less,Female,A good deal,1
South,TX,TX-26,224463,55-59,Hispanic,Some College,Male,Not much,0
South,NC,NC-07,224475,35-39,White,Postgrad,Male,A good deal,1
South,VA,VA-07,224516,35-39,White,HS or less,Male,Not much,0
South,FL,FL-27,224534,70-74,White,Some College,Male,Some,0
South,TX,TX-03,224540,60-64,Hispanic,Some College,Female,Not much,0
South,TX,TX-26,224551,25-29,White,HS or less,Male,Not much,0
South,TX,TX-26,224557,25-29,White,HS or less,Female,Some,0
South,FL,FL-28,224575,60-64,White,BA/BS,Male,Not much,0
South,FL,FL-28,224587,18-24,Hispanic,BA/BS,Male,Some,0
South,FL,FL-07,224616,30-34,White,Some College,Female,Not much,0
South,NC,NC-08,224622,50-54,White,BA/BS,Male,Some,0
South,TX,TX-26,224634,50-54,White,Postgrad,Female,Some,0
South,TX,TX-32,224734,70-74,White,BA/BS,Male,A good deal,1
South,TX,TX-26,224739,65-69,White,Some College,Female,Some,0
South,TX,TX-26,224745,50-54,White,Postgrad,Female,A good deal,1
South,NC,NC-08,224782,55-59,White,Some College,Female,Some,0
South,VA,VA-01,224800,65-69,White,Postgrad,Male,Some,0
South,TX,TX-03,224841,50-54,Other,BA/BS,Male,Some,0
South,TX,TX-03,224847,70-74,Black,BA/BS,Female,A good deal,1
South,TX,TX-31,224853,45-49,White,BA/BS,Male,Some,0
South,TX,TX-03,224882,70-74,Hispanic,Some College,Male,Some,0
South,MD,MD-01,224918,60-64,White,HS or less,Male,Some,0
South,FL,FL-21,224947,80 plus,White,Some College,Female,A good deal,1
South,FL,FL-24,224959,70-74,White,Postgrad,Male,Some,0
South,GA,GA-06,224976,75-79,White,BA/BS,Male,A good deal,1
South,NC,NC-06,224982,45-49,White,Postgrad,Female,Some,0
South,FL,FL-21,225000,55-59,White,BA/BS,Male,A good deal,1
South,FL,FL-02,225012,65-69,White,HS or less,Male,Some,0
South,SC,SC-07,225029,75-79,White,BA/BS,Female,A good deal,1
South,TX,TX-03,225035,45-49,White,BA/BS,Male,A good deal,1
South,AR,AR-04,225118,40-44,Other,HS or less,Male,Some,0
South,KY,KY-05,225159,50-54,White,Postgrad,Female,Not much,0
South,LA,LA-06,225195,40-44,White,BA/BS,Female,Some,0
South,OK,OK-04,225290,35-39,Black,HS or less,Male,Some,0
South,OK,OK-02,225296,50-54,Other,Some College,Male,A good deal,1
South,TN,TN-03,225314,40-44,Black,Some College,Female,A good deal,1
South,TX,TX-28,225325,35-39,Hispanic,Some College,Female,Not much,0
South,TX,TX-19,225361,25-29,Hispanic,Some College,Female,Not much,0
South,WV,WV-01,225426,25-29,White,Some College,Male,Some,0
South,GA,GA-08,225461,35-39,Black,HS or less,Male,Some,0
South,KY,KY-06,225491,35-39,Hispanic,HS or less,Female,Not much,0
South,TX,TX-23,225508,45-49,White,Some College,Female,A good deal,1
South,AR,AR-02,225514,60-64,White,HS or less,Male,Some,0
South,AR,AR-03,225520,18-24,White,HS or less,Female,Some,0
South,NC,NC-13,225526,18-24,White,HS or less,Male,A good deal,1
South,VA,VA-04,225538,50-54,White,Some College,Male,Some,0
South,LA,LA-06,225550,45-49,Other,Some College,Male,A good deal,1
South,NC,NC-03,225604,25-29,Black,Some College,Female,Not much,0
South,TX,TX-19,225616,65-69,Hispanic,Some College,Female,A good deal,1
South,MS,MS-04,225634,80 plus,White,Some College,Female,A good deal,1
South,MS,MS-04,225652,40-44,White,BA/BS,Female,Some,0
South,TX,TX-01,225658,35-39,White,Postgrad,Female,Some,0
South,AR,AR-01,225664,40-44,White,Postgrad,Male,Some,0
South,GA,GA-03,225681,50-54,Black,HS or less,Male,Not much,0
South,KY,KY-06,225699,65-69,White,Postgrad,Female,Not much,0
South,AL,AL-01,225717,30-34,White,HS or less,Male,A good deal,1
South,AR,AR-03,225723,18-24,White,Some College,Female,Not much,0
South,WV,WV-02,225758,35-39,White,HS or less,Female,Not much,0
South,OK,OK-03,225800,40-44,Other,BA/BS,Female,Not much,0
South,AR,AR-04,225805,55-59,White,BA/BS,Female,Some,0
South,TX,TX-17,225817,60-64,White,Some College,Male,Some,0
South,MS,MS-01,225847,45-49,Black,BA/BS,Male,A good deal,1
South,AL,AL-03,225876,50-54,Hispanic,Some College,Male,Some,0
South,TX,TX-13,225900,65-69,White,HS or less,Male,Some,0
South,GA,GA-03,225924,55-59,Black,HS or less,Female,A good deal,1
South,GA,GA-03,225936,70-74,White,Some College,Male,Some,0
South,WV,WV-01,225972,55-59,White,BA/BS,Female,A good deal,1
South,AL,AL-03,225978,40-44,White,BA/BS,Female,Some,0
South,AR,AR-04,225984,70-74,White,BA/BS,Male,A good deal,1
South,NC,NC-03,225990,55-59,White,Some College,Male,A good deal,1
South,GA,GA-03,226007,70-74,White,HS or less,Male,Some,0
South,GA,GA-03,226055,80 plus,White,Some College,Male,Not much,0
South,KY,KY-05,226061,55-59,White,BA/BS,Male,Some,0
South,MD,MD-06,226091,35-39,White,Some College,Female,Some,0
South,MS,MS-01,226097,35-39,White,HS or less,Female,Not much,0
South,MD,MD-06,226120,30-34,White,Postgrad,Male,Not much,0
South,FL,FL-19,226185,18-24,White,Some College,Female,Some,0
South,GA,GA-01,226197,45-49,White,Postgrad,Female,Not much,0
South,GA,GA-02,226203,55-59,Black,Postgrad,Male,A good deal,1
South,LA,LA-06,226232,60-64,Black,Some College,Female,Not much,0
South,LA,LA-05,226238,60-64,White,HS or less,Female,Some,0
South,NC,NC-13,226274,65-69,White,Some College,Female,A good deal,1
South,TX,TX-14,226405,18-24,White,HS or less,Female,Some,0
South,TX,TX-28,226411,18-24,Hispanic,Some College,Male,Not much,0
South,LA,LA-04,226442,55-59,Black,HS or less,Female,Not much,0
South,VA,VA-05,226472,50-54,White,Some College,Female,Not much,0
South,TX,TX-05,226490,50-54,White,Some College,Male,Not much,0
South,NC,NC-03,226513,40-44,Hispanic,Some College,Male,A good deal,1
South,AR,AR-03,226525,18-24,Hispanic,Some College,Female,Not much,0
South,NC,NC-10,226537,35-39,White,Some College,Female,Some,0
South,SC,SC-04,226608,40-44,Black,HS or less,Male,Some,0
South,NC,NC-14,226632,55-59,White,Some College,Female,Some,0
South,FL,FL-19,226638,65-69,White,Some College,Female,Some,0
South,KY,KY-06,226673,65-69,Black,HS or less,Male,Some,0
South,SC,SC-03,226697,50-54,White,Some College,Male,Not much,0
South,KY,KY-04,226726,60-64,Hispanic,BA/BS,Male,A good deal,1
South,TN,TN-05,226779,35-39,White,BA/BS,Female,Not much,0
South,SC,SC-04,226791,30-34,White,Postgrad,Female,Not much,0
South,LA,LA-03,226838,30-34,White,Some College,Male,A good deal,1
South,SC,SC-05,226844,55-59,White,Some College,Female,Some,0
South,SC,SC-02,226879,40-44,White,Some College,Male,A good deal,1
South,SC,SC-02,226897,55-59,White,Some College,Male,A good deal,1
South,NC,NC-08,226927,50-54,White,HS or less,Female,A good deal,1
South,NC,NC-14,226973,50-54,Black,HS or less,Female,Not much,0
South,KY,KY-02,226997,55-59,White,BA/BS,Male,Some,0
South,SC,SC-07,227014,70-74,White,BA/BS,Male,Some,0
South,NC,NC-10,227032,25-29,Other,Some College,Male,Some,0
South,SC,SC-02,227044,75-79,White,Postgrad,Male,A good deal,1
South,LA,LA-03,227062,35-39,White,BA/BS,Female,Some,0
South,SC,SC-07,227091,60-64,Hispanic,BA/BS,Female,A good deal,1
South,SC,SC-04,227121,70-74,White,Some College,Female,Some,0
South,GA,GA-01,227127,75-79,White,Some College,Male,Some,0
South,SC,SC-02,227133,65-69,White,BA/BS,Male,Some,0
South,SC,SC-02,227145,60-64,White,Postgrad,Male,Not much,0
South,TX,TX-14,227151,40-44,White,BA/BS,Male,Some,0
South,SC,SC-07,227198,60-64,White,Some College,Female,Some,0
South,VA,VA-05,227204,55-59,White,HS or less,Male,Some,0
South,FL,FL-08,227210,65-69,White,BA/BS,Male,Not much,0
South,FL,FL-19,227258,55-59,White,Postgrad,Male,A good deal,1
South,FL,FL-05,227358,65-69,White,Some College,Female,Some,0
South,GA,GA-14,227400,50-54,Black,Postgrad,Male,A good deal,1
South,MD,MD-01,227411,40-44,White,Postgrad,Female,Some,0
South,NC,NC-13,227429,50-54,Other,Some College,Female,Not much,0
South,NC,NC-09,227447,30-34,White,HS or less,Male,Not much,0
South,FL,FL-16,227584,60-64,White,BA/BS,Male,A good deal,1
South,FL,FL-17,227600,40-44,Black,BA/BS,Female,Some,0
South,GA,GA-11,227606,18-24,White,Some College,Male,Some,0
South,FL,FL-11,227623,35-39,Black,Postgrad,Female,Some,0
South,NC,NC-14,227629,50-54,White,BA/BS,Female,Some,0
South,GA,GA-10,227641,70-74,White,Postgrad,Female,A good deal,1
South,TX,TX-04,227647,65-69,White,Some College,Male,A good deal,1
South,FL,FL-12,227659,25-29,Hispanic,Some College,Female,Some,0
South,FL,FL-08,227677,30-34,White,Some College,Female,Some,0
South,NC,NC-11,227694,60-64,White,Postgrad,Male,Not much,0
South,FL,FL-06,227706,30-34,White,HS or less,Female,Not much,0
South,NC,NC-10,227712,45-49,White,Some College,Male,Not much,0
South,FL,FL-08,227724,55-59,White,Postgrad,Female,Some,0
South,NC,NC-08,227730,60-64,White,Some College,Female,A good deal,1
South,NC,NC-13,227741,45-49,White,BA/BS,Female,Some,0
South,FL,FL-04,227771,18-24,White,Some College,Female,A good deal,1
South,VA,VA-01,227789,45-49,White,Some College,Male,Not much,0
South,FL,FL-26,227795,50-54,White,BA/BS,Female,Some,0
South,FL,FL-04,227806,50-54,White,Some College,Male,A good deal,1
South,FL,FL-12,227854,25-29,White,Some College,Male,Some,0
South,FL,FL-08,227877,25-29,White,BA/BS,Male,Some,0
South,FL,FL-11,227895,65-69,White,Some College,Female,Some,0
South,FL,FL-17,227913,70-74,White,Some College,Female,Not much,0
South,FL,FL-11,227978,35-39,White,BA/BS,Male,A good deal,1
South,FL,FL-08,227989,25-29,White,BA/BS,Female,Some,0
South,VA,VA-06,228001,50-54,White,Some College,Female,Not much,0
South,FL,FL-01,228013,60-64,White,Postgrad,Male,Some,0
South,NC,NC-10,228025,65-69,Black,HS or less,Male,Some,0
South,FL,FL-08,228042,65-69,Hispanic,HS or less,Male,Some,0
South,FL,FL-06,228048,80 plus,White,Some College,Female,Some,0
South,NC,NC-10,228054,30-34,Black,Some College,Female,A good deal,1
South,FL,FL-12,228066,75-79,White,Some College,Female,Some,0
South,MD,MD-01,228096,75-79,White,Postgrad,Male,A good deal,1
South,FL,FL-06,228108,80 plus,White,Some College,Male,A good deal,1
South,FL,FL-21,228143,60-64,White,Some College,Female,A good deal,1
South,FL,FL-08,228179,40-44,White,Some College,Female,A good deal,1
South,FL,FL-12,228197,55-59,White,Some College,Male,Some,0
South,FL,FL-08,228203,80 plus,White,Some College,Male,Not much,0
South,FL,FL-19,228208,75-79,White,Some College,Female,A good deal,1
South,NC,NC-11,228214,40-44,White,Some College,Female,Some,0
South,FL,FL-11,228220,70-74,White,BA/BS,Male,Some,0
South,NC,NC-08,228250,55-59,White,HS or less,Male,Some,0
South,FL,FL-08,228280,55-59,Hispanic,HS or less,Female,Not much,0
South,TX,TX-04,228303,80 plus,White,BA/BS,Male,Some,0
South,FL,FL-06,228309,75-79,White,Postgrad,Female,Some,0
South,GA,GA-10,228339,80 plus,White,Some College,Male,Some,0
South,FL,FL-06,228351,65-69,White,BA/BS,Male,A good deal,1
South,AR,AR-01,228416,80 plus,White,Some College,Female,Not much,0
South,LA,LA-04,228475,70-74,Other,Postgrad,Female,Some,0
South,OK,OK-04,228545,65-69,White,Some College,Male,Some,0
South,TX,TX-06,228622,30-34,White,HS or less,Male,Not much,0
South,TX,TX-17,228627,50-54,White,BA/BS,Male,Not much,0
South,WV,WV-01,228751,45-49,White,HS or less,Female,Some,0
South,TN,TN-03,228791,25-29,White,HS or less,Male,A good deal,1
South,AR,AR-04,228797,25-29,White,Some College,Male,Not much,0
South,TX,TX-01,228821,40-44,Black,HS or less,Female,Not much,0
South,TX,TX-22,228827,35-39,White,Some College,Female,Some,0
South,AR,AR-01,228833,45-49,White,Some College,Female,A good deal,1
South,OK,OK-03,228880,40-44,Hispanic,Some College,Female,Not much,0
South,TN,TN-02,228944,70-74,White,Postgrad,Female,Some,0
South,TX,TX-03,228962,35-39,White,BA/BS,Male,A good deal,1
South,MS,MS-04,228980,60-64,White,BA/BS,Female,Some,0
South,OK,OK-05,228991,50-54,Other,Postgrad,Female,Some,0
South,OK,OK-04,229003,40-44,White,Some College,Male,Some,0
South,OK,OK-04,229027,25-29,White,HS or less,Male,Some,0
South,TX,TX-11,229115,65-69,White,Some College,Female,Some,0
South,AL,AL-04,229126,40-44,Other,HS or less,Male,Not much,0
South,WV,WV-01,229138,30-34,White,HS or less,Female,A good deal,1
South,TX,TX-36,229144,50-54,White,HS or less,Female,Not much,0
South,TX,TX-27,229150,70-74,White,HS or less,Male,Some,0
South,TN,TN-04,229156,18-24,White,Some College,Female,Some,0
South,AL,AL-03,229162,35-39,Asian,HS or less,Female,Some,0
South,WV,WV-01,229173,30-34,White,Some College,Female,Some,0
South,GA,GA-08,229185,50-54,White,Some College,Female,Some,0
South,TX,TX-06,229248,65-69,White,HS or less,Female,A good deal,1
South,OK,OK-02,229259,70-74,Other,BA/BS,Female,Some,0
South,WV,WV-02,229289,50-54,White,HS or less,Female,Some,0
South,TX,TX-11,229301,40-44,White,BA/BS,Female,Not much,0
South,TX,TX-19,229319,55-59,White,Postgrad,Male,Not much,0
South,KY,KY-05,229325,70-74,White,Postgrad,Female,Some,0
South,TN,TN-01,229348,25-29,White,Some College,Male,Not much,0
South,KY,KY-05,229378,18-24,White,HS or less,Female,Not much,0
South,GA,GA-12,229396,60-64,White,Some College,Female,Some,0
South,TN,TN-08,229401,50-54,White,Some College,Male,A good deal,1
South,AL,AL-01,229417,25-29,Black,HS or less,Female,A good deal,1
South,FL,FL-03,229446,30-34,White,Postgrad,Female,Some,0
South,FL,FL-03,229452,35-39,White,HS or less,Female,Not much,0
South,KY,KY-05,229488,18-24,Black,HS or less,Female,Some,0
South,LA,LA-05,229511,45-49,White,Postgrad,Female,Some,0
South,SC,SC-05,229570,25-29,Black,BA/BS,Female,Some,0
South,TN,TN-01,229606,50-54,White,Some College,Female,Some,0
South,TX,TX-36,229630,45-49,White,Some College,Female,Some,0
South,TX,TX-04,229724,18-24,White,HS or less,Male,Some,0
South,GA,GA-14,229736,25-29,White,HS or less,Female,Some,0
South,AL,AL-03,229754,25-29,White,HS or less,Female,Not much,0
South,KY,KY-01,229771,50-54,White,Some College,Male,Not much,0
South,AR,AR-01,229788,30-34,White,HS or less,Female,Some,0
South,TN,TN-08,229794,55-59,White,BA/BS,Female,A good deal,1
South,AL,AL-03,229812,75-79,White,HS or less,Female,A good deal,1
South,OK,OK-05,229817,50-54,White,Postgrad,Male,Not much,0
South,TX,TX-01,229834,50-54,Black,Some College,Female,Not much,0
South,GA,GA-01,229839,18-24,Black,HS or less,Male,Some,0
South,AL,AL-03,229845,45-49,Black,Some College,Female,A good deal,1
South,GA,GA-14,229851,70-74,White,Postgrad,Female,Some,0
South,KY,KY-01,229857,18-24,White,HS or less,Male,A good deal,1
South,WV,WV-02,229863,25-29,White,HS or less,Female,Some,0
South,AR,AR-02,229898,18-24,Hispanic,HS or less,Male,Not much,0
South,TN,TN-01,229904,50-54,White,HS or less,Male,Some,0
South,AL,AL-04,229910,50-54,Other,HS or less,Female,Not much,0
South,TX,TX-01,229928,55-59,Black,Postgrad,Male,A good deal,1
South,TX,TX-25,229951,60-64,White,HS or less,Female,Not much,0
South,KY,KY-02,229957,65-69,White,HS or less,Male,A good deal,1
South,SC,SC-03,230004,70-74,White,Postgrad,Male,A good deal,1
South,TX,TX-06,230022,45-49,Other,BA/BS,Female,Not much,0
South,AL,AL-03,230033,50-54,White,HS or less,Male,Some,0
South,TN,TN-01,230045,60-64,White,Some College,Male,Some,0
South,TN,TN-03,230057,60-64,White,Some College,Male,Some,0
South,VA,VA-09,230063,50-54,White,Some College,Female,Some,0
South,AL,AL-03,230069,35-39,White,BA/BS,Male,Some,0
South,TX,TX-04,230086,35-39,White,BA/BS,Male,Some,0
South,AL,AL-01,230098,60-64,White,Postgrad,Male,Some,0
South,TX,TX-08,230116,55-59,White,Postgrad,Male,Some,0
South,TN,TN-06,230133,55-59,White,BA/BS,Female,Some,0
South,WV,WV-02,230157,35-39,White,Some College,Female,Some,0
South,TX,TX-25,230186,65-69,White,Some College,Male,Some,0
South,TX,TX-01,230214,55-59,White,Some College,Male,Some,0
South,WV,WV-02,230238,55-59,White,BA/BS,Male,Not much,0
South,LA,LA-04,230255,75-79,White,Postgrad,Male,A good deal,1
South,WV,WV-01,230261,60-64,White,Some College,Male,Some,0
South,LA,LA-04,230267,70-74,White,Some College,Male,Some,0
South,TX,TX-05,230302,55-59,White,HS or less,Male,A good deal,1
South,FL,FL-02,230337,55-59,White,BA/BS,Female,A good deal,1
South,SC,SC-03,230355,80 plus,White,HS or less,Male,Some,0
South,MS,MS-01,230361,80 plus,White,BA/BS,Male,Not much,0
South,GA,GA-09,230396,45-49,White,Some College,Female,Not much,0
South,TX,TX-17,230402,80 plus,White,BA/BS,Female,Some,0
South,WV,WV-02,230414,25-29,White,BA/BS,Female,A good deal,1
South,AR,AR-01,230420,75-79,White,Some College,Female,Some,0
South,KY,KY-01,230425,60-64,White,Some College,Male,Some,0
South,KY,KY-05,230431,80 plus,White,HS or less,Female,Not much,0
South,KY,KY-05,230449,40-44,White,Some College,Female,Not much,0
South,KY,KY-02,230455,70-74,White,HS or less,Male,A good deal,1
South,FL,FL-02,230497,65-69,White,HS or less,Female,Not much,0
South,GA,GA-12,230532,70-74,White,BA/BS,Female,A good deal,1
South,GA,GA-10,230556,65-69,White,Some College,Female,Not much,0
South,KY,KY-06,230567,30-34,White,BA/BS,Female,Some,0
South,NC,NC-06,230597,40-44,White,BA/BS,Male,Some,0
South,NC,NC-10,230603,25-29,Hispanic,HS or less,Female,Some,0
South,TX,TX-10,230655,60-64,White,Some College,Female,A good deal,1
South,TX,TX-13,230667,18-24,White,Some College,Female,Not much,0
South,TX,TX-08,230679,18-24,White,Some College,Male,Some,0
South,VA,VA-05,230708,70-74,White,BA/BS,Male,A good deal,1
South,VA,VA-05,230714,40-44,Black,Some College,Female,Not much,0
South,FL,FL-12,230745,35-39,White,Some College,Female,Some,0
South,VA,VA-09,230751,45-49,White,BA/BS,Male,Some,0
South,TN,TN-07,230798,30-34,White,HS or less,Female,A good deal,1
South,VA,VA-06,230804,60-64,White,Some College,Female,Some,0
South,SC,SC-03,230810,50-54,White,BA/BS,Male,Not much,0
South,VA,VA-09,230821,75-79,White,Some College,Male,Some,0
South,FL,FL-02,230827,35-39,White,BA/BS,Female,Some,0
South,AL,AL-06,230845,50-54,White,HS or less,Male,Not much,0
South,LA,LA-01,230856,70-74,White,Some College,Male,Some,0
South,TX,TX-36,230868,30-34,White,Some College,Female,Not much,0
South,AL,AL-06,230878,25-29,Other,Postgrad,Male,Some,0
South,FL,FL-06,230884,35-39,Black,Some College,Female,A good deal,1
South,KY,KY-01,230972,50-54,Other,BA/BS,Male,Some,0
South,TX,TX-08,230978,40-44,White,HS or less,Male,Not much,0
South,FL,FL-01,230984,35-39,Hispanic,Postgrad,Female,Some,0
South,AL,AL-01,230990,30-34,White,BA/BS,Female,Some,0
South,VA,VA-06,230995,35-39,White,Some College,Male,A good deal,1
South,TX,TX-04,231013,45-49,White,HS or less,Female,A good deal,1
South,FL,FL-01,231025,25-29,White,HS or less,Female,Some,0
South,AL,AL-05,231031,45-49,White,Some College,Male,Some,0
South,TX,TX-21,231037,70-74,White,BA/BS,Male,A good deal,1
South,NC,NC-05,231042,60-64,White,Postgrad,Male,Some,0
South,TN,TN-06,231107,65-69,White,Some College,Male,Some,0
South,TX,TX-08,231166,40-44,White,Some College,Female,Some,0
South,TX,TX-02,231178,40-44,White,Some College,Male,Some,0
South,TN,TN-02,231189,65-69,White,BA/BS,Female,Some,0
South,TX,TX-21,231225,18-24,White,Some College,Female,A good deal,1
South,NC,NC-05,231236,18-24,White,Some College,Female,Some,0
South,FL,FL-02,231277,30-34,White,Postgrad,Male,Not much,0
South,LA,LA-01,231324,60-64,White,BA/BS,Male,Some,0
South,VA,VA-09,231336,65-69,White,HS or less,Female,A good deal,1
South,GA,GA-11,231360,35-39,Other,BA/BS,Male,Some,0
South,NC,NC-08,231383,70-74,White,BA/BS,Male,Not much,0
South,AL,AL-06,231389,30-34,White,Some College,Female,Not much,0
South,TX,TX-35,231401,70-74,White,HS or less,Male,A good deal,1
South,AL,AL-01,231407,70-74,Other,Some College,Female,Some,0
South,GA,GA-09,231448,30-34,White,Some College,Male,Not much,0
South,KY,KY-06,231466,70-74,White,Some College,Male,A good deal,1
South,TX,TX-31,231496,75-79,White,BA/BS,Male,Some,0
South,TX,TX-21,231501,55-59,White,Postgrad,Male,Some,0
South,TX,TX-13,231519,70-74,White,BA/BS,Female,Some,0
South,FL,FL-01,231525,35-39,White,Some College,Female,Not much,0
South,GA,GA-08,231531,60-64,White,BA/BS,Male,Not much,0
South,NC,NC-11,231543,75-79,White,Some College,Female,A good deal,1
South,FL,FL-01,231549,18-24,White,Some College,Male,Some,0
South,VA,VA-09,231555,65-69,White,HS or less,Male,Some,0
West,CA,CA-11,231615,18-24,White,Postgrad,Female,Some,0
West,CA,CA-11,231650,18-24,Other,Some College,Female,Some,0
West,CA,CA-12,231739,65-69,White,Postgrad,Female,Some,0
West,CA,CA-11,231746,40-44,White,Postgrad,Female,A good deal,1
West,CA,CA-12,231770,25-29,Asian,BA/BS,Male,Some,0
West,CA,CA-11,231788,40-44,White,Postgrad,Female,Some,0
West,CA,CA-12,231800,35-39,White,Some College,Male,Some,0
West,CA,CA-14,231806,55-59,Black,BA/BS,Female,A good deal,1
West,CA,CA-11,231818,35-39,White,BA/BS,Female,Some,0
West,CA,CA-14,231824,50-54,Asian,Postgrad,Male,A good deal,1
West,CA,CA-15,231898,35-39,Asian,Postgrad,Male,A good deal,1
West,CA,CA-02,231962,65-69,White,BA/BS,Male,A good deal,1
West,CA,CA-02,231973,35-39,White,Some College,Female,Not much,0
West,CA,CA-04,231993,18-24,Hispanic,Some College,Female,Some,0
West,CA,CA-10,232015,30-34,Asian,BA/BS,Female,A good deal,1
West,CA,CA-15,232027,18-24,Hispanic,HS or less,Female,Some,0
West,CA,CA-16,232071,65-69,White,BA/BS,Female,A good deal,1
West,CA,CA-16,232077,60-64,White,Postgrad,Female,A good deal,1
West,CA,CA-19,232101,30-34,Other,Postgrad,Male,Some,0
West,NM,NM-03,232118,18-24,Hispanic,HS or less,Male,Some,0
West,CA,CA-10,232178,45-49,Asian,HS or less,Male,A good deal,1
West,CA,CA-16,232223,65-69,Asian,HS or less,Male,Not much,0
West,CA,CA-19,232229,45-49,Asian,BA/BS,Female,A good deal,1
West,CA,CA-19,232282,65-69,Hispanic,Some College,Male,A good deal,1
West,CA,CA-17,232311,70-74,Asian,BA/BS,Female,A good deal,1
West,CA,CA-10,232323,35-39,White,Some College,Male,Some,0
West,CA,CA-17,232352,30-34,Other,Some College,Female,Some,0
West,OR,OR-03,232415,35-39,White,Some College,Female,Some,0
West,WA,WA-07,232462,18-24,Other,BA/BS,Female,Some,0
West,OR,OR-01,232549,30-34,White,BA/BS,Female,Some,0
West,WA,WA-07,232555,30-34,White,BA/BS,Male,Some,0
West,WA,WA-01,232567,18-24,White,BA/BS,Male,Not much,0
West,OR,OR-03,232617,40-44,White,HS or less,Female,Some,0
West,WA,WA-08,232634,35-39,White,BA/BS,Male,Not much,0
West,WA,WA-07,232640,70-74,White,Some College,Female,Not much,0
West,OR,OR-01,232670,55-59,Asian,Postgrad,Female,A good deal,1
West,OR,OR-03,232687,18-24,Hispanic,HS or less,Female,Some,0
West,OR,OR-01,232693,65-69,White,Postgrad,Male,Some,0
West,WA,WA-07,232705,45-49,Other,HS or less,Female,A good deal,1
West,CO,CO-01,232711,40-44,White,Postgrad,Male,A good deal,1
West,WA,WA-08,232746,50-54,White,Some College,Female,Some,0
West,WA,WA-07,232763,35-39,White,Some College,Female,Some,0
West,WA,WA-07,232769,30-34,White,BA/BS,Male,Some,0
West,CO,CO-01,232781,30-34,White,Postgrad,Female,A good deal,1
West,CO,CO-02,232793,70-74,White,BA/BS,Male,A good deal,1
West,WA,WA-07,232829,30-34,Hispanic,BA/BS,Male,A good deal,1
West,CO,CO-02,232858,50-54,White,Postgrad,Female,Some,0
West,CO,CO-01,232888,35-39,Hispanic,Postgrad,Female,Not much,0
West,OR,OR-03,232900,45-49,White,BA/BS,Male,Not much,0
West,HI,HI-01,232983,25-29,Hispanic,BA/BS,Female,A good deal,1
West,NM,NM-01,233024,60-64,White,BA/BS,Male,A good deal,1
West,NM,NM-01,233030,40-44,Other,Some College,Female,Not much,0
West,NM,NM-02,233036,50-54,Other,Some College,Male,A good deal,1
West,NM,NM-01,233042,30-34,White,Some College,Female,Not much,0
West,NM,NM-03,233048,45-49,Hispanic,HS or less,Male,Not much,0
West,NM,NM-01,233055,30-34,Asian,Some College,Male,A good deal,1
West,HI,HI-02,233061,18-24,Asian,HS or less,Male,Some,0
West,NM,NM-02,233104,30-34,Hispanic,Some College,Male,Not much,0
West,CA,CA-08,233116,55-59,White,Postgrad,Male,A good deal,1
West,NM,NM-01,233122,75-79,Asian,Postgrad,Male,A good deal,1
West,HI,HI-02,233193,80 plus,Asian,BA/BS,Female,A good deal,1
West,NM,NM-01,233205,60-64,Hispanic,Some College,Female,A good deal,1
West,NM,NM-01,233211,65-69,White,Postgrad,Male,A good deal,1
West,CA,CA-08,233217,65-69,White,Postgrad,Female,Some,0
West,NM,NM-02,233223,60-64,White,Postgrad,Female,A good deal,1
West,HI,HI-02,233258,70-74,White,Some College,Male,A good deal,1
West,NM,NM-01,233276,70-74,White,BA/BS,Female,Some,0
West,NM,NM-01,233282,80 plus,White,BA/BS,Male,Some,0
West,NM,NM-01,233288,70-74,Hispanic,Postgrad,Male,Some,0
West,CA,CA-30,233381,40-44,White,Postgrad,Male,Some,0
West,CA,CA-34,233387,18-24,Hispanic,HS or less,Male,A good deal,1
West,CA,CA-38,233416,45-49,White,Some College,Female,Some,0
West,CA,CA-37,233470,18-24,White,Some College,Male,A good deal,1
West,CA,CA-37,233493,35-39,Asian,Postgrad,Male,A good deal,1
West,CA,CA-36,233541,18-24,White,Postgrad,Female,Some,0
West,CA,CA-28,233554,55-59,Hispanic,Some College,Male,Not much,0
West,CA,CA-36,233595,25-29,White,BA/BS,Female,Some,0
West,CA,CA-37,233624,30-34,White,Some College,Male,A good deal,1
West,CA,CA-31,233630,35-39,Asian,Some College,Female,Some,0
West,CA,CA-28,233647,45-49,White,Postgrad,Male,A good deal,1
West,CA,CA-28,233677,18-24,Asian,HS or less,Male,A good deal,1
West,CA,CA-42,233683,75-79,Hispanic,HS or less,Female,Some,0
West,CA,CA-30,233690,40-44,Hispanic,Some College,Male,Some,0
West,CA,CA-36,233725,18-24,Hispanic,Some College,Female,Some,0
West,CA,CA-34,233749,25-29,Hispanic,BA/BS,Female,Some,0
West,CA,CA-43,233755,30-34,Hispanic,Postgrad,Female,Not much,0
West,CA,CA-28,233796,60-64,Hispanic,Postgrad,Female,Some,0
West,CA,CA-31,233802,25-29,Hispanic,Some College,Female,Some,0
West,CA,CA-43,233838,18-24,Hispanic,Some College,Female,A good deal,1
West,CA,CA-34,233873,80 plus,Asian,BA/BS,Male,A good deal,1
West,CA,CA-37,233897,18-24,Hispanic,Some College,Female,Not much,0
West,CA,CA-30,233902,35-39,Asian,BA/BS,Female,Some,0
West,CA,CA-36,233914,60-64,White,Postgrad,Male,A good deal,1
West,CA,CA-38,233932,18-24,Asian,BA/BS,Female,Some,0
West,CA,CA-27,233944,25-29,Hispanic,Some College,Female,A good deal,1
West,CA,CA-44,233967,30-34,White,BA/BS,Female,Some,0
West,CA,CA-27,233973,60-64,Hispanic,HS or less,Female,Some,0
West,CA,CA-43,233979,25-29,Hispanic,BA/BS,Female,Some,0
West,CA,CA-38,234020,18-24,Asian,BA/BS,Male,Not much,0
West,CA,CA-34,234026,30-34,Hispanic,HS or less,Male,Not much,0
West,CA,CA-44,234032,65-69,White,Some College,Male,Some,0
West,CA,CA-28,234044,60-64,White,BA/BS,Female,A good deal,1
West,CA,CA-37,234107,18-24,White,BA/BS,Female,Some,0
West,CA,CA-26,234137,75-79,Asian,BA/BS,Female,Some,0
West,CA,CA-36,234149,45-49,Asian,Postgrad,Female,A good deal,1
West,CA,CA-30,234161,80 plus,Asian,Postgrad,Female,Some,0
West,CA,CA-28,234173,65-69,White,Postgrad,Female,A good deal,1
West,CA,CA-30,234185,30-34,Hispanic,HS or less,Male,A good deal,1
West,CA,CA-32,234215,50-54,White,BA/BS,Male,A good deal,1
West,CA,CA-42,234274,30-34,White,BA/BS,Male,Not much,0
West,CA,CA-31,234292,80 plus,White,Some College,Female,A good deal,1
West,CA,CA-42,234304,70-74,White,Postgrad,Male,A good deal,1
West,CA,CA-07,234345,30-34,Hispanic,Some College,Male,Some,0
West,CA,CA-07,234351,65-69,White,Postgrad,Male,A good deal,1
West,CA,CA-07,234369,50-54,Asian,Some College,Male,Some,0
West,CA,CA-24,234381,60-64,Hispanic,HS or less,Female,Not much,0
West,CO,CO-07,234405,35-39,White,BA/BS,Male,Some,0
West,WA,WA-02,234480,25-29,White,BA/BS,Female,Some,0
West,CA,CA-06,234486,50-54,White,Some College,Female,Not much,0
West,CO,CO-06,234513,75-79,Black,BA/BS,Female,Some,0
West,CA,CA-18,234530,70-74,Hispanic,HS or less,Female,A good deal,1
West,CA,CA-24,234542,30-34,Hispanic,BA/BS,Female,Some,0
West,CA,CA-06,234554,45-49,White,Some College,Female,A good deal,1
West,CA,CA-06,234572,30-34,Black,Some College,Male,Some,0
West,CA,CA-07,234595,50-54,Asian,Postgrad,Male,A good deal,1
West,OR,OR-04,234654,35-39,White,BA/BS,Male,Not much,0
West,CO,CO-06,234660,25-29,White,BA/BS,Male,Some,0
West,CA,CA-19,234672,60-64,White,Some College,Female,Not much,0
West,MT,MT-01,234678,45-49,White,Postgrad,Male,A good deal,1
West,OR,OR-01,234696,25-29,White,BA/BS,Female,Not much,0
West,CA,CA-24,234713,35-39,White,BA/BS,Male,Some,0
West,OR,OR-01,234719,60-64,White,BA/BS,Female,A good deal,1
West,WA,WA-06,234731,75-79,White,Postgrad,Male,Some,0
West,OR,OR-04,234737,35-39,White,Postgrad,Female,Not much,0
West,OR,OR-06,234743,40-44,Hispanic,Postgrad,Female,Some,0
West,CA,CA-07,234749,45-49,White,BA/BS,Female,Some,0
West,CA,CA-06,234761,35-39,Hispanic,BA/BS,Female,Not much,0
West,CA,CA-03,234767,75-79,White,Postgrad,Male,A good deal,1
West,CA,CA-07,234779,70-74,Black,HS or less,Male,Some,0
West,CA,CA-18,234820,40-44,White,Some College,Male,Some,0
West,CA,CA-19,234826,80 plus,White,HS or less,Female,Some,0
West,CA,CA-06,234832,60-64,Hispanic,BA/BS,Female,A good deal,1
West,MT,MT-01,234844,45-49,White,HS or less,Male,Some,0
West,OR,OR-06,234862,80 plus,White,BA/BS,Female,Not much,0
West,OR,OR-01,234868,60-64,White,BA/BS,Male,Not much,0
West,AZ,AZ-06,234924,55-59,Hispanic,Postgrad,Male,Some,0
West,CA,CA-23,234971,55-59,White,Some College,Female,Some,0
West,CA,CA-35,234983,80 plus,Hispanic,HS or less,Male,Some,0
West,CA,CA-09,234989,30-34,Other,BA/BS,Male,Not much,0
West,CA,CA-13,235087,40-44,Asian,HS or less,Male,Some,0
West,NM,NM-02,235093,45-49,Black,Some College,Male,Some,0
West,CA,CA-35,235133,18-24,Hispanic,Some College,Female,Some,0
West,CA,CA-23,235139,18-24,Hispanic,HS or less,Male,Some,0
West,AZ,AZ-07,235226,25-29,Asian,BA/BS,Female,A good deal,1
West,CA,CA-35,235238,25-29,Hispanic,BA/BS,Female,Some,0
West,CA,CA-35,235244,75-79,Hispanic,HS or less,Female,Some,0
West,CA,CA-33,235261,35-39,White,HS or less,Male,Some,0
West,CA,CA-23,235273,45-49,White,Some College,Female,A good deal,1
West,CA,CA-23,235279,65-69,White,Some College,Male,A good deal,1
West,WA,WA-05,235292,30-34,Hispanic,Postgrad,Male,Some,0
West,AZ,AZ-07,235298,60-64,White,BA/BS,Female,Some,0
West,AZ,AZ-06,235304,75-79,White,Postgrad,Male,A good deal,1
West,AZ,AZ-07,235310,25-29,White,Some College,Female,Not much,0
West,AZ,AZ-07,235316,70-74,Hispanic,Some College,Male,Some,0
West,CA,CA-33,235328,60-64,Asian,Postgrad,Male,Not much,0
West,AZ,AZ-06,235340,25-29,Hispanic,BA/BS,Female,Some,0
West,CA,CA-33,235346,80 plus,White,Some College,Female,A good deal,1
West,AZ,AZ-07,235352,75-79,White,HS or less,Female,Some,0
West,CA,CA-50,235377,55-59,Hispanic,BA/BS,Male,A good deal,1
West,CA,CA-50,235430,25-29,Asian,BA/BS,Female,Not much,0
West,CA,CA-50,235441,30-34,White,HS or less,Female,Some,0
West,CO,CO-08,235459,25-29,White,Postgrad,Male,Some,0
West,CO,CO-08,235465,18-24,Hispanic,Postgrad,Female,Some,0
West,WA,WA-10,235476,25-29,Black,HS or less,Male,Not much,0
West,WA,WA-10,235482,35-39,Black,HS or less,Male,Not much,0
West,CA,CA-49,235492,35-39,Hispanic,HS or less,Female,Some,0
West,CA,CA-50,235560,35-39,Hispanic,BA/BS,Female,Some,0
West,CA,CA-51,235607,30-34,Hispanic,BA/BS,Male,Some,0
West,CA,CA-50,235619,50-54,White,BA/BS,Female,Not much,0
West,CA,CA-50,235648,60-64,White,Postgrad,Female,A good deal,1
West,CA,CA-51,235660,45-49,Asian,BA/BS,Male,A good deal,1
West,CA,CA-50,235719,18-24,Other,Some College,Female,Some,0
West,CA,CA-48,235725,50-54,Other,Some College,Female,Not much,0
West,CA,CA-50,235736,70-74,White,Some College,Male,Some,0
West,WA,WA-10,235754,35-39,White,Postgrad,Female,Some,0
West,CA,CA-19,235760,40-44,White,BA/BS,Female,Some,0
West,WA,WA-10,235777,40-44,White,Postgrad,Male,A good deal,1
West,CO,CO-08,235789,50-54,White,Postgrad,Female,A good deal,1
West,WA,WA-08,235800,75-79,White,Some College,Male,Not much,0
West,CA,CA-49,235812,80 plus,Hispanic,Postgrad,Female,A good deal,1
West,CA,CA-24,235824,50-54,White,Postgrad,Female,Some,0
West,CA,CA-51,235835,75-79,Hispanic,BA/BS,Male,Not much,0
West,CA,CA-50,235847,65-69,White,Postgrad,Male,Some,0
West,CA,CA-50,235853,60-64,White,Some College,Female,Some,0
West,WA,WA-10,235859,70-74,White,Some College,Male,Some,0
West,WA,WA-08,235894,70-74,White,Postgrad,Male,Not much,0
West,CA,CA-48,235911,60-64,White,Some College,Female,A good deal,1
West,CA,CA-24,235921,25-29,White,Some College,Female,A good deal,1
West,CO,CO-07,235945,40-44,White,BA/BS,Female,Some,0
West,OR,OR-06,235974,40-44,Asian,BA/BS,Male,Some,0
West,OR,OR-04,235980,60-64,White,HS or less,Male,Not much,0
West,UT,UT-04,236004,40-44,Hispanic,HS or less,Male,Not much,0
West,WA,WA-10,236058,35-39,White,Some College,Female,A good deal,1
West,WA,WA-02,236067,18-24,White,Some College,Female,Some,0
West,UT,UT-04,236119,55-59,White,Some College,Male,A good deal,1
West,CO,CO-07,236120,40-44,White,BA/BS,Female,Some,0
West,UT,UT-03,236126,30-34,White,Postgrad,Male,Some,0
West,WA,WA-06,236149,60-64,White,BA/BS,Female,Some,0
West,OR,OR-05,236161,70-74,White,Postgrad,Male,A good deal,1
West,OR,OR-03,236283,25-29,White,BA/BS,Male,Some,0
West,CA,CA-26,236289,55-59,White,Postgrad,Male,A good deal,1
West,UT,UT-04,236295,30-34,White,Some College,Female,A good deal,1
West,CO,CO-07,236314,55-59,White,Postgrad,Female,Some,0
West,OR,OR-06,236326,80 plus,White,Postgrad,Female,A good deal,1
West,WA,WA-10,236337,55-59,White,BA/BS,Female,Some,0
West,CO,CO-06,236343,45-49,White,BA/BS,Male,Some,0
West,CO,CO-02,236361,50-54,Other,Some College,Female,Some,0
West,WA,WA-02,236367,65-69,White,Some College,Female,Some,0
West,CO,CO-07,236373,35-39,White,BA/BS,Male,Not much,0
West,UT,UT-04,236378,50-54,White,BA/BS,Male,Some,0
West,CO,CO-04,236384,40-44,White,BA/BS,Male,Not much,0
West,CO,CO-07,236390,60-64,White,Some College,Male,Not much,0
West,CA,CA-03,236396,55-59,White,Some College,Male,Not much,0
West,CA,CA-24,236408,30-34,White,BA/BS,Male,Some,0
West,UT,UT-03,236414,50-54,White,Some College,Female,Some,0
West,CO,CO-04,236419,70-74,White,BA/BS,Male,Some,0
West,OR,OR-05,236425,65-69,White,Some College,Male,Not much,0
West,CA,CA-26,236431,35-39,Hispanic,Some College,Female,A good deal,1
West,CO,CO-07,236437,60-64,White,Some College,Male,Not much,0
West,WA,WA-01,236449,35-39,White,BA/BS,Male,Some,0
West,WA,WA-01,236460,75-79,White,Some College,Male,Some,0
West,CA,CA-26,236496,70-74,Hispanic,Some College,Female,Some,0
West,CO,CO-07,236501,55-59,White,BA/BS,Female,Not much,0
West,CA,CA-01,236508,40-44,Other,HS or less,Female,Not much,0
West,CA,CA-21,236520,65-69,White,Postgrad,Female,A good deal,1
West,CA,CA-39,236586,25-29,Hispanic,Some College,Female,A good deal,1
West,CA,CA-25,236635,30-34,Hispanic,Some College,Male,Not much,0
West,CA,CA-25,236654,35-39,Black,Some College,Male,Not much,0
West,CA,CA-39,236672,35-39,Asian,Some College,Male,Some,0
West,CA,CA-21,236695,25-29,Hispanic,Some College,Male,Not much,0
West,CA,CA-39,236701,30-34,Hispanic,Postgrad,Female,Some,0
West,CA,CA-25,236713,30-34,Hispanic,BA/BS,Female,Not much,0
West,CA,CA-05,236731,18-24,Other,Some College,Female,Some,0
West,CA,CA-39,236743,65-69,Hispanic,Some College,Female,Some,0
West,CA,CA-41,236797,30-34,White,Some College,Female,Some,0
West,CA,CA-41,236881,40-44,White,HS or less,Male,Some,0
West,CA,CA-21,236906,30-34,Hispanic,HS or less,Female,Some,0
West,CA,CA-01,236912,45-49,White,Postgrad,Female,Some,0
West,AZ,AZ-05,236970,35-39,Hispanic,HS or less,Female,Some,0
West,AZ,AZ-08,237005,70-74,Other,Some College,Male,A good deal,1
West,AZ,AZ-08,237087,25-29,White,Some College,Female,Some,0
West,CA,CA-03,237117,55-59,White,HS or less,Male,Some,0
West,CO,CO-03,237212,55-59,Hispanic,Some College,Female,Some,0
West,NV,NV-01,237236,25-29,Other,HS or less,Female,Not much,0
West,NV,NV-01,237278,25-29,Black,Some College,Female,Some,0
West,NV,NV-01,237284,18-24,Hispanic,Some College,Female,Not much,0
West,NM,NM-01,237290,45-49,Hispanic,BA/BS,Female,Some,0
West,AZ,AZ-04,237296,25-29,Hispanic,Some College,Male,Some,0
West,AZ,AZ-04,237312,30-34,White,Some College,Female,Not much,0
West,AZ,AZ-03,237330,55-59,Hispanic,HS or less,Male,Some,0
West,NV,NV-01,237359,35-39,Black,HS or less,Female,A good deal,1
West,AZ,AZ-03,237365,25-29,Hispanic,Some College,Male,Not much,0
West,AZ,AZ-04,237412,35-39,Hispanic,HS or less,Male,Not much,0
West,AZ,AZ-09,237453,50-54,White,Some College,Male,A good deal,1
West,AZ,AZ-01,237495,50-54,White,Some College,Female,Some,0
West,AZ,AZ-05,237524,60-64,White,BA/BS,Female,A good deal,1
West,AZ,AZ-04,237553,30-34,White,Some College,Male,Not much,0
West,AZ,AZ-04,237567,30-34,White,BA/BS,Male,Some,0
West,AZ,AZ-04,237584,45-49,White,BA/BS,Male,A good deal,1
West,NM,NM-01,237602,30-34,Hispanic,BA/BS,Female,Some,0
West,AZ,AZ-08,237620,70-74,White,BA/BS,Female,Some,0
West,AZ,AZ-01,237626,30-34,White,Postgrad,Female,Some,0
West,AZ,AZ-05,237650,45-49,Hispanic,BA/BS,Male,A good deal,1
West,NV,NV-01,237685,65-69,Asian,HS or less,Female,Not much,0
West,NV,NV-03,237697,18-24,White,Some College,Female,A good deal,1
West,AZ,AZ-08,237703,40-44,White,BA/BS,Female,Some,0
West,AZ,AZ-01,237721,80 plus,White,BA/BS,Female,A good deal,1
West,AZ,AZ-04,237739,65-69,White,HS or less,Female,Some,0
West,NV,NV-01,237780,60-64,Other,Some College,Male,Some,0
West,CA,CA-49,237835,75-79,White,Postgrad,Female,A good deal,1
West,CA,CA-46,237841,25-29,Hispanic,Some College,Male,Some,0
West,CA,CA-49,237853,25-29,White,BA/BS,Female,Some,0
West,NV,NV-02,237882,50-54,White,HS or less,Male,Some,0
West,OR,OR-05,237893,40-44,White,Some College,Female,Not much,0
West,AK,AK-00,237953,60-64,White,HS or less,Female,Not much,0
West,CA,CA-40,237958,65-69,White,Postgrad,Female,Not much,0
West,AK,AK-00,237970,30-34,White,BA/BS,Female,Some,0
West,AK,AK-00,237981,35-39,Other,Some College,Female,A good deal,1
West,CA,CA-45,237999,70-74,White,BA/BS,Female,Some,0
West,CA,CA-40,238026,45-49,White,BA/BS,Female,A good deal,1
West,OR,OR-02,238038,65-69,White,Some College,Female,A good deal,1
West,CA,CA-40,238056,50-54,White,Postgrad,Male,A good deal,1
West,CA,CA-46,238067,25-29,White,Postgrad,Male,A good deal,1
West,CA,CA-38,238097,50-54,White,Some College,Male,A good deal,1
West,OR,OR-02,238102,45-49,White,Postgrad,Female,Some,0
West,CA,CA-47,238138,50-54,White,Postgrad,Male,Some,0
West,WA,WA-03,238143,25-29,Other,BA/BS,Male,Not much,0
West,WA,WA-03,238149,45-49,White,Some College,Female,A good deal,1
West,WA,WA-03,238161,30-34,White,Postgrad,Female,A good deal,1
West,NV,NV-02,238185,40-44,White,Some College,Male,A good deal,1
West,CA,CA-49,238214,60-64,Asian,Postgrad,Male,Some,0
West,MT,MT-01,238226,70-74,White,Some College,Female,Not much,0
West,CA,CA-45,238255,30-34,Hispanic,Some College,Male,A good deal,1
West,AK,AK-00,238276,35-39,White,BA/BS,Female,Some,0
West,CA,CA-47,238288,30-34,White,BA/BS,Female,A good deal,1
West,CA,CA-40,238300,50-54,White,Postgrad,Female,A good deal,1
West,CA,CA-47,238306,65-69,White,Postgrad,Female,Some,0
West,WA,WA-02,238312,30-34,White,Postgrad,Male,Not much,0
West,NV,NV-02,238330,35-39,Hispanic,HS or less,Female,Some,0
West,WA,WA-06,238336,70-74,White,Postgrad,Male,A good deal,1
West,NV,NV-02,238342,80 plus,White,HS or less,Male,A good deal,1
West,NV,NV-02,238348,25-29,Other,BA/BS,Male,Some,0
West,NV,NV-02,238371,75-79,White,Postgrad,Male,Not much,0
West,OR,OR-06,238407,35-39,White,BA/BS,Female,Some,0
West,CA,CA-40,238413,18-24,Hispanic,HS or less,Male,Some,0
West,WA,WA-03,238437,50-54,White,Some College,Male,Some,0
West,OR,OR-06,238449,35-39,Hispanic,BA/BS,Male,Some,0
West,AZ,AZ-09,238486,60-64,White,HS or less,Male,A good deal,1
West,AZ,AZ-09,238498,50-54,White,Postgrad,Female,Some,0
West,AZ,AZ-07,238522,30-34,Hispanic,HS or less,Female,Not much,0
West,CA,CA-20,238534,25-29,Hispanic,Some College,Female,Some,0
West,MT,MT-02,238606,25-29,Other,HS or less,Male,Some,0
West,CA,CA-02,238742,25-29,White,Some College,Male,Not much,0
West,WY,WY-00,238760,45-49,White,BA/BS,Female,Some,0
West,NM,NM-03,238775,55-59,Hispanic,Some College,Female,A good deal,1
West,AZ,AZ-07,238793,30-34,Hispanic,HS or less,Female,Some,0
West,CA,CA-01,238840,65-69,White,Some College,Female,Some,0
West,MT,MT-01,238869,25-29,White,Postgrad,Male,Some,0
West,ID,ID-02,238881,45-49,Other,HS or less,Female,Some,0
West,AZ,AZ-09,238916,65-69,White,Some College,Male,A good deal,1
West,CO,CO-07,238935,75-79,White,BA/BS,Female,Some,0
West,MT,MT-02,238953,50-54,White,BA/BS,Male,A good deal,1
West,AZ,AZ-05,238959,60-64,White,Some College,Female,A good deal,1
West,CA,CA-20,239000,60-64,Hispanic,Some College,Female,Not much,0
West,CA,CA-20,239024,65-69,Hispanic,HS or less,Male,Not much,0
West,CA,CA-01,239047,60-64,White,Some College,Female,Some,0
West,CA,CA-01,239077,65-69,White,HS or less,Male,Some,0
West,CO,CO-05,239089,25-29,White,HS or less,Female,A good deal,1
West,ID,ID-02,239113,55-59,White,Some College,Male,Not much,0
West,ID,ID-01,239119,50-54,Hispanic,HS or less,Male,Some,0
West,MT,MT-01,239125,55-59,White,Some College,Male,Some,0
West,UT,UT-01,239166,45-49,White,Some College,Male,Not much,0
West,UT,UT-03,239172,45-49,White,Some College,Male,Some,0
West,ID,ID-01,239255,45-49,White,HS or less,Male,A good deal,1
West,WA,WA-04,239275,18-24,Hispanic,Some College,Male,Some,0
West,ID,ID-01,239305,55-59,Hispanic,HS or less,Male,Some,0
West,OR,OR-02,239334,65-69,White,HS or less,Female,Some,0
West,UT,UT-02,239340,45-49,White,BA/BS,Female,Some,0
West,UT,UT-02,239352,45-49,White,Some College,Male,Not much,0
West,CA,CA-05,239364,60-64,Other,BA/BS,Female,Not much,0
West,WA,WA-03,239375,40-44,White,Some College,Male,Not much,0
West,OR,OR-02,239393,30-34,White,Some College,Male,Some,0
West,ID,ID-01,239417,30-34,White,HS or less,Female,Not much,0
West,CA,CA-01,239429,35-39,White,Some College,Male,Not much,0
West,OR,OR-04,239460,60-64,White,Some College,Female,Some,0
West,OR,OR-02,239472,35-39,Hispanic,Some College,Female,Some,0
West,UT,UT-01,239478,55-59,White,BA/BS,Female,Not much,0
West,CA,CA-01,239489,55-59,White,Postgrad,Female,Some,0
West,NV,NV-02,239519,35-39,White,BA/BS,Male,Some,0
West,AZ,AZ-02,239582,25-29,Other,Some College,Female,Not much,0
West,CA,CA-03,239593,50-54,Asian,Postgrad,Female,Not much,0
West,ID,ID-01,239634,65-69,White,BA/BS,Female,Some,0
West,ID,ID-02,239646,18-24,White,Some College,Male,Not much,0
West,OR,OR-01,239675,25-29,White,HS or less,Female,Not much,0
West,CO,CO-08,239754,50-54,White,Some College,Female,Some,0
West,AZ,AZ-02,239771,75-79,White,Some College,Female,Not much,0
West,WA,WA-04,239777,45-49,White,BA/BS,Male,Some,0
West,OR,OR-05,239794,30-34,White,BA/BS,Female,Some,0
West,CA,CA-05,239823,55-59,White,HS or less,Male,A good deal,1
West,CA,CA-03,239840,18-24,Other,HS or less,Female,Some,0
West,CO,CO-04,239870,30-34,Hispanic,BA/BS,Female,Not much,0
West,CO,CO-08,239876,30-34,White,BA/BS,Male,Not much,0
West,CO,CO-07,239899,65-69,White,Some College,Female,A good deal,1
West,CO,CO-04,239905,55-59,Asian,Postgrad,Male,A good deal,1
West,CO,CO-04,239911,40-44,White,Some College,Female,Some,0
West,CO,CO-02,239952,35-39,Hispanic,Postgrad,Female,Not much,0
West,WA,WA-04,239976,65-69,White,Some College,Male,Not much,0
West,WA,WA-05,239988,50-54,White,HS or less,Male,Not much,0
West,WA,WA-05,240006,30-34,White,Postgrad,Female,Some,0
West,CA,CA-03,240012,75-79,White,Some College,Female,Some,0
West,WA,WA-03,240018,50-54,White,HS or less,Female,Some,0
West,OR,OR-02,240023,80 plus,White,Some College,Female,Some,0
West,WA,WA-05,240041,65-69,White,Some College,Female,A good deal,1
West,CO,CO-03,240047,70-74,White,BA/BS,Female,Some,0
West,OR,OR-05,240053,60-64,White,Some College,Male,A good deal,1
West,CO,CO-08,240059,30-34,White,Postgrad,Female,Some,0
West,CO,CO-04,240065,35-39,White,Postgrad,Male,Some,0
West,CO,CO-04,240089,30-34,White,Postgrad,Female,Not much,0
West,UT,UT-03,240106,40-44,White,BA/BS,Female,A good deal,1
West,CO,CO-03,240112,45-49,White,BA/BS,Male,A good deal,1
West,CA,CA-03,240136,70-74,White,Some College,Female,A good deal,1
West,WA,WA-05,240154,60-64,White,HS or less,Male,A good deal,1
West,CO,CO-04,240165,50-54,White,HS or less,Female,Some,0
West,WA,WA-05,240183,75-79,White,Some College,Female,Not much,0
West,UT,UT-04,240189,40-44,White,BA/BS,Female,A good deal,1
West,CO,CO-05,311028,70-74,White,Some College,Female,A good deal,1
West,CA,CA-50,311096,50-54,White,BA/BS,Male,Some,0
South,NC,NC-07,311298,70-74,White,BA/BS,Female,A good deal,1
West,WA,WA-01,311520,35-39,Black,HS or less,Female,A good deal,1
South,GA,GA-08,311578,55-59,White,Postgrad,Male,A good deal,1
South,AR,AR-01,311596,65-69,Black,HS or less,Male,A good deal,1
South,TX,TX-37,311721,25-29,Hispanic,BA/BS,Male,Some,0
West,OR,OR-03,311929,80 plus,White,HS or less,Male,Not much,0
South,AL,AL-05,311934,75-79,White,Some College,Female,Not much,0
South,AR,AR-02,312076,30-34,White,Some College,Female,Some,0
South,TX,TX-19,312182,70-74,White,HS or less,Female,A good deal,1
West,AZ,AZ-08,312192,75-79,White,BA/BS,Male,Some,0
West,UT,UT-02,312312,30-34,White,Some College,Female,Some,0
South,GA,GA-11,312325,25-29,White,Postgrad,Male,Not much,0
Northeast,CT,CT-02,312343,45-49,White,Postgrad,Female,A good deal,1
West,UT,UT-02,312443,25-29,White,BA/BS,Male,Some,0
West,CO,CO-05,312445,60-64,White,HS or less,Female,Not much,0
Midwest,IN,IN-02,312685,25-29,White,Some College,Male,Not much,0
Midwest,IL,IL-03,313016,65-69,Black,HS or less,Male,Some,0
South,TN,TN-05,313020,45-49,White,BA/BS,Male,A good deal,1
South,FL,FL-08,313118,30-34,White,Postgrad,Male,A good deal,1
Northeast,PA,PA-08,313244,35-39,Hispanic,HS or less,Female,Not much,0
West,CA,CA-12,313332,35-39,Other,HS or less,Female,Some,0
South,TX,TX-19,313490,80 plus,Hispanic,HS or less,Female,Some,0
West,AZ,AZ-08,313693,75-79,White,Some College,Male,Some,0
Midwest,MO,MO-01,313830,75-79,Black,HS or less,Male,Some,0
South,FL,FL-08,314001,30-34,White,HS or less,Male,Not much,0
South,FL,FL-24,314024,50-54,Black,Postgrad,Male,Some,0
South,TX,TX-37,314093,25-29,White,BA/BS,Male,Some,0
Northeast,MA,MA-02,314130,55-59,White,Postgrad,Male,Some,0
Midwest,MO,MO-02,314131,40-44,White,Postgrad,Male,A good deal,1
Northeast,CT,CT-02,314172,75-79,White,Some College,Female,A good deal,1
West,CA,CA-49,314324,75-79,White,Postgrad,Female,A good deal,1
South,TN,TN-07,314336,60-64,White,Some College,Male,A good deal,1
Northeast,NJ,NJ-12,314425,80 plus,White,Postgrad,Male,Some,0
South,TN,TN-07,314703,40-44,Hispanic,HS or less,Male,A good deal,1
Northeast,CT,CT-02,314803,35-39,White,HS or less,Male,Not much,0
South,TX,TX-15,314902,50-54,Hispanic,HS or less,Female,Some,0
Northeast,NY,NY-03,314956,65-69,Hispanic,Some College,Male,A good deal,1
South,TN,TN-07,315225,25-29,White,Some College,Female,Not much,0
Northeast,CT,CT-03,315284,60-64,White,Some College,Male,Not much,0
South,TN,TN-07,315329,25-29,White,Postgrad,Male,Some,0
South,AR,AR-02,315330,70-74,White,Some College,Female,A good deal,1
West,WA,WA-02,315338,65-69,Other,Some College,Female,Some,0
South,TN,TN-07,315625,25-29,Other,Some College,Female,Some,0
West,CA,CA-40,315741,80 plus,Hispanic,BA/BS,Male,A good deal,1
South,TN,TN-07,315761,70-74,White,HS or less,Female,Not much,0
Midwest,MO,MO-03,315762,70-74,White,HS or less,Female,Some,0
Northeast,NY,NY-25,315825,60-64,White,BA/BS,Female,A good deal,1
Midwest,IN,IN-01,315901,30-34,Other,Some College,Female,Some,0
West,UT,UT-02,315917,75-79,White,Some College,Female,A good deal,1
South,TN,TN-05,315921,18-24,White,HS or less,Male,Some,0
West,AZ,AZ-01,315931,60-64,White,BA/BS,Female,Some,0
South,SC,SC-02,315948,65-69,White,Some College,Male,Some,0
West,UT,UT-02,315964,30-34,White,Postgrad,Male,A good deal,1
Midwest,IA,IA-03,315984,55-59,White,BA/BS,Male,A good deal,1
Northeast,CT,CT-01,316016,25-29,White,BA/BS,Male,Some,0
West,WA,WA-02,316123,30-34,White,BA/BS,Female,A good deal,1
South,GA,GA-08,316162,35-39,Hispanic,Some College,Female,Not much,0
Northeast,CT,CT-01,316169,30-34,White,BA/BS,Male,A good deal,1
Northeast,PA,PA-08,316227,80 plus,White,HS or less,Male,A good deal,1
South,MD,MD-07,316234,70-74,Black,Some College,Female,A good deal,1
South,TX,TX-17,316243,50-54,Hispanic,BA/BS,Female,A good deal,1
Midwest,IL,IL-08,316251,35-39,Black,Postgrad,Female,Some,0
West,OR,OR-04,316316,18-24,Hispanic,Some College,Male,Some,0
Midwest,WI,WI-05,316326,70-74,White,HS or less,Male,A good deal,1
West,AZ,AZ-03,316334,55-59,Hispanic,HS or less,Male,Some,0
Midwest,MO,MO-03,316336,18-24,White,HS or less,Female,Some,0
South,VA,VA-02,316400,60-64,White,Some College,Female,A good deal,1
South,TX,TX-12,316434,80 plus,White,Some College,Female,A good deal,1
Midwest,IL,IL-01,316600,70-74,Black,HS or less,Female,Not much,0
South,TX,TX-37,316605,70-74,White,Postgrad,Female,Some,0
South,FL,FL-24,316747,70-74,Black,HS or less,Male,A good deal,1
South,TX,TX-18,316805,70-74,White,Postgrad,Female,Some,0
West,AZ,AZ-03,316937,70-74,Hispanic,Postgrad,Male,Not much,0
Midwest,IL,IL-08,316949,35-39,Asian,Some College,Male,Some,0
West,WA,WA-02,316982,55-59,White,BA/BS,Female,Some,0
Northeast,CT,CT-02,317151,75-79,White,HS or less,Male,A good deal,1
Midwest,IL,IL-14,317240,35-39,Hispanic,HS or less,Female,Some,0
West,UT,UT-02,317447,45-49,Hispanic,Some College,Female,A good deal,1
Midwest,MO,MO-07,317777,80 plus,White,Some College,Female,Some,0
South,VA,VA-11,317843,60-64,White,Postgrad,Female,A good deal,1
South,GA,GA-07,317855,65-69,White,BA/BS,Female,Some,0
Midwest,IA,IA-03,317858,35-39,White,BA/BS,Female,Some,0
Midwest,MO,MO-07,317863,70-74,White,Some College,Female,Some,0
Midwest,MI,MI-07,317877,75-79,White,Some College,Male,Not much,0
South,FL,FL-08,318059,80 plus,White,BA/BS,Male,Some,0
South,AL,AL-05,318156,70-74,White,HS or less,Male,A good deal,1
West,WA,WA-02,318308,30-34,White,Postgrad,Male,A good deal,1
South,SC,SC-01,318365,70-74,Asian,BA/BS,Female,Some,0
West,CO,CO-05,318480,75-79,White,Some College,Female,A good deal,1
South,AR,AR-02,318499,35-39,Other,HS or less,Female,Some,0
West,UT,UT-02,318543,80 plus,Asian,HS or less,Female,Some,0
Midwest,WI,WI-05,318675,75-79,White,BA/BS,Male,Some,0
Midwest,OH,OH-03,318735,70-74,White,Postgrad,Female,A good deal,1
West,CA,CA-41,318773,55-59,White,Some College,Male,Not much,0
Midwest,MO,MO-07,318786,30-34,Hispanic,Some College,Female,A good deal,1
Midwest,ND,ND-00,318961,35-39,White,Some College,Male,Some,0
Midwest,IL,IL-08,319050,50-54,White,Some College,Male,Some,0
South,VA,VA-03,319143,18-24,White,HS or less,Female,A good deal,1
Midwest,IL,IL-13,319441,30-34,White,BA/BS,Male,Some,0
South,TN,TN-07,319509,65-69,Black,Postgrad,Male,A good deal,1
South,VA,VA-08,319520,70-74,Black,Postgrad,Male,A good deal,1
Midwest,MO,MO-03,319535,55-59,White,BA/BS,Female,Some,0
South,FL,FL-08,319800,70-74,White,Some College,Male,Not much,0
West,UT,UT-02,319824,35-39,White,BA/BS,Female,A good deal,1
West,CA,CA-14,319951,45-49,Hispanic,Postgrad,Female,A good deal,1
South,AR,AR-02,320013,75-79,White,Some College,Female,A good deal,1
Northeast,NJ,NJ-12,320048,50-54,Asian,Postgrad,Male,A good deal,1
South,TX,TX-17,320049,60-64,Other,Some College,Male,Some,0
West,CA,CA-48,320241,40-44,Hispanic,Postgrad,Female,Some,0
Midwest,MO,MO-07,320280,40-44,White,Some College,Female,Some,0
South,FL,FL-20,320398,45-49,Black,Some College,Female,Some,0
Northeast,MA,MA-02,320433,40-44,White,HS or less,Male,A good deal,1
Midwest,IA,IA-03,320600,70-74,White,BA/BS,Female,A good deal,1
Midwest,IL,IL-02,320640,35-39,White,BA/BS,Female,Some,0
Northeast,CT,CT-03,320644,80 plus,Hispanic,HS or less,Male,A good deal,1
South,TX,TX-19,320724,40-44,White,Some College,Female,Some,0
West,CA,CA-38,320766,30-34,Hispanic,HS or less,Female,Some,0
South,AR,AR-01,320841,30-34,Black,HS or less,Female,Not much,0
South,VA,VA-03,320871,75-79,White,BA/BS,Female,Some,0
Midwest,IA,IA-03,320942,80 plus,White,HS or less,Female,A good deal,1
South,NC,NC-07,320953,65-69,White,HS or less,Male,A good deal,1
Northeast,CT,CT-02,320966,80 plus,White,Some College,Male,Not much,0
Midwest,MO,MO-03,321089,40-44,Other,BA/BS,Female,Some,0
South,SC,SC-01,321149,18-24,White,Some College,Female,Not much,0
Northeast,CT,CT-02,321154,55-59,White,Some College,Male,Not much,0
Northeast,NY,NY-25,321450,70-74,White,BA/BS,Male,A good deal,1
South,GA,GA-08,321471,55-59,White,HS or less,Female,Some,0
Northeast,CT,CT-01,321483,75-79,White,BA/BS,Female,A good deal,1
Midwest,IL,IL-15,321624,55-59,White,HS or less,Male,Some,0
Midwest,MO,MO-07,321655,80 plus,White,Some College,Female,A good deal,1
Midwest,IN,IN-02,321680,75-79,White,Some College,Female,A good deal,1
South,GA,GA-11,321750,30-34,Black,Some College,Female,Some,0
Midwest,IA,IA-03,321795,70-74,White,Postgrad,Female,A good deal,1
West,CA,CA-47,321854,35-39,White,BA/BS,Male,Some,0
Midwest,ND,ND-00,321882,18-24,White,HS or less,Male,Some,0
South,SC,SC-01,322018,30-34,White,Some College,Male,Some,0
South,FL,FL-08,322068,70-74,White,HS or less,Male,Some,0
Midwest,MN,MN-08,322384,80 plus,White,Some College,Male,Some,0
Midwest,WI,WI-05,322464,75-79,White,Some College,Male,Some,0
South,TN,TN-07,322509,55-59,White,BA/BS,Female,A good deal,1
Midwest,MN,MN-08,322529,50-54,White,Postgrad,Female,Some,0
South,SC,SC-02,322825,40-44,Black,HS or less,Female,Some,0
Northeast,CT,CT-02,322864,70-74,White,Postgrad,Female,Some,0
South,TN,TN-07,322982,18-24,White,HS or less,Male,Some,0
Northeast,CT,CT-03,323112,65-69,Other,HS or less,Male,Not much,0
West,OR,OR-04,323181,18-24,White,HS or less,Male,A good deal,1
South,FL,FL-08,323222,35-39,Asian,Postgrad,Female,A good deal,1
Midwest,OH,OH-03,323299,65-69,White,Some College,Female,Not much,0
Midwest,IL,IL-05,323461,25-29,Other,Some College,Female,Some,0
West,OR,OR-01,323544,50-54,White,BA/BS,Female,Some,0
South,TN,TN-05,323563,25-29,White,HS or less,Female,A good deal,1
Northeast,MA,MA-02,323687,40-44,White,Some College,Male,Not much,0
West,CA,CA-49,323707,60-64,Other,BA/BS,Female,A good deal,1
South,AR,AR-02,323807,40-44,White,Some College,Female,A good deal,1
South,KY,KY-02,323876,50-54,White,BA/BS,Male,A good deal,1
West,CO,CO-05,324034,65-69,White,Postgrad,Female,A good deal,1
Northeast,PA,PA-08,324165,45-49,White,BA/BS,Male,Some,0
Midwest,MO,MO-03,324356,50-54,White,BA/BS,Female,Some,0
West,OR,OR-04,324501,50-54,White,HS or less,Male,Not much,0
West,OR,OR-03,324508,40-44,White,BA/BS,Female,A good deal,1
West,AZ,AZ-08,324515,80 plus,White,Some College,Female,A good deal,1
Midwest,MI,MI-07,324643,45-49,White,HS or less,Male,Some,0
West,CA,CA-30,324763,65-69,White,BA/BS,Male,A good deal,1
Midwest,IA,IA-03,324787,18-24,Other,Some College,Female,Some,0
South,MD,MD-07,324884,55-59,Other,Some College,Female,Some,0
West,OR,OR-04,324914,55-59,White,HS or less,Female,Some,0
Midwest,MI,MI-07,325007,60-64,White,Some College,Female,A good deal,1
Midwest,IL,IL-13,325214,25-29,White,Postgrad,Male,Some,0
West,CA,CA-41,325225,40-44,Hispanic,Some College,Female,Some,0
South,SC,SC-02,325278,35-39,White,HS or less,Female,Not much,0
South,SC,SC-02,325425,35-39,Black,BA/BS,Female,Some,0
Northeast,CT,CT-01,325465,18-24,Other,HS or less,Female,Some,0
South,AL,AL-04,325529,25-29,White,HS or less,Male,A good deal,1
West,CA,CA-14,325559,80 plus,White,BA/BS,Male,A good deal,1
Midwest,IL,IL-15,325591,30-34,White,BA/BS,Female,Some,0
Midwest,IA,IA-03,325892,60-64,White,BA/BS,Male,Some,0
South,MD,MD-07,326082,70-74,Black,Some College,Male,Not much,0
West,WA,WA-01,326422,55-59,Black,Postgrad,Male,A good deal,1
South,TN,TN-07,326526,30-34,White,BA/BS,Male,Not much,0
South,GA,GA-08,326535,30-34,Black,Some College,Female,Some,0
Northeast,PA,PA-08,326602,70-74,White,HS or less,Male,A good deal,1
West,AZ,AZ-03,326797,45-49,Hispanic,BA/BS,Female,Some,0
South,GA,GA-08,326812,65-69,White,Postgrad,Male,A good deal,1
Northeast,CT,CT-02,326875,70-74,White,HS or less,Female,Some,0
South,TX,TX-17,326877,80 plus,White,HS or less,Male,Some,0
South,TX,TX-19,326882,18-24,White,HS or less,Male,Some,0
West,OR,OR-01,326904,60-64,White,BA/BS,Female,A good deal,1
Northeast,MA,MA-02,326928,45-49,White,BA/BS,Female,Some,0
Northeast,NY,NY-25,327000,70-74,White,BA/BS,Female,A good deal,1
South,SC,SC-01,327292,80 plus,White,Postgrad,Male,Not much,0
Midwest,IN,IN-01,327329,35-39,White,Some College,Male,A good deal,1
South,AL,AL-04,327381,35-39,White,HS or less,Female,Some,0
Midwest,MN,MN-08,327431,70-74,White,HS or less,Female,A good deal,1
South,TX,TX-17,327462,55-59,White,HS or less,Male,Some,0
West,CA,CA-48,327514,70-74,White,Some College,Female,A good deal,1
Northeast,CT,CT-02,327543,35-39,White,HS or less,Male,A good deal,1
South,TX,TX-15,327609,75-79,White,Postgrad,Female,A good deal,1
Northeast,PA,PA-08,327799,70-74,White,Postgrad,Female,A good deal,1
South,TX,TX-37,327856,18-24,White,BA/BS,Male,A good deal,1
Midwest,MO,MO-01,327994,55-59,White,HS or less,Male,Some,0
West,WA,WA-01,328123,50-54,Black,BA/BS,Male,Not much,0
West,CA,CA-49,328240,40-44,White,Some College,Female,A good deal,1
South,VA,VA-02,328450,60-64,White,HS or less,Female,Not much,0
Northeast,CT,CT-02,328506,60-64,White,Postgrad,Male,Some,0
Midwest,IL,IL-02,328537,60-64,White,HS or less,Female,Not much,0
Midwest,IN,IN-01,328663,50-54,Black,BA/BS,Female,Some,0
West,UT,UT-02,328683,18-24,Hispanic,BA/BS,Male,Some,0
West,UT,UT-02,328812,75-79,White,Some College,Female,Some,0
Midwest,IL,IL-13,328824,70-74,White,Postgrad,Male,Some,0
South,AR,AR-02,328840,30-34,White,HS or less,Male,A good deal,1
Midwest,MO,MO-07,328984,25-29,Hispanic,Some College,Male,Some,0
Midwest,IN,IN-02,329059,30-34,White,HS or less,Female,Not much,0
Midwest,IL,IL-09,329136,30-34,Black,Some College,Female,Some,0
South,AR,AR-01,329404,50-54,Black,HS or less,Male,Not much,0
West,CA,CA-29,329444,60-64,White,HS or less,Male,Some,0
South,GA,GA-11,329522,70-74,White,BA/BS,Male,Some,0
West,CA,CA-39,329659,18-24,Hispanic,Some College,Female,Some,0
Midwest,IN,IN-01,329714,65-69,Hispanic,BA/BS,Female,Some,0
Midwest,MI,MI-07,329721,70-74,White,BA/BS,Male,Some,0
Northeast,NJ,NJ-07,329726,65-69,White,BA/BS,Female,A good deal,1
South,FL,FL-08,329798,35-39,Other,Some College,Male,Some,0
Midwest,MN,MN-08,329827,40-44,White,BA/BS,Female,A good deal,1
South,SC,SC-02,329850,70-74,White,HS or less,Female,Some,0
West,UT,UT-02,329893,40-44,White,Some College,Female,Some,0
South,TX,TX-17,329992,35-39,Black,HS or less,Female,Some,0
Northeast,NJ,NJ-12,330021,30-34,White,Postgrad,Male,Some,0
South,GA,GA-08,330071,70-74,Black,Some College,Female,Some,0
South,TN,TN-07,330139,65-69,White,Some College,Male,Not much,0
West,CA,CA-50,330186,35-39,White,Postgrad,Male,A good deal,1
Midwest,WI,WI-05,330331,50-54,White,Some College,Male,A good deal,1
West,WA,WA-02,330360,75-79,White,Postgrad,Female,A good deal,1
West,WA,WA-02,330404,45-49,White,BA/BS,Female,Not much,0
West,CA,CA-14,330469,80 plus,White,Postgrad,Male,A good deal,1
Midwest,ND,ND-00,330587,30-34,White,BA/BS,Male,Not much,0
West,CA,CA-52,330648,80 plus,Hispanic,HS or less,Female,A good deal,1
South,FL,FL-08,330767,35-39,Hispanic,Postgrad,Female,A good deal,1
West,OR,OR-04,330824,40-44,White,Some College,Male,Some,0
South,AR,AR-01,330886,35-39,Black,HS or less,Female,Not much,0
Northeast,CT,CT-02,330896,65-69,White,BA/BS,Female,A good deal,1
South,SC,SC-02,330993,65-69,White,Postgrad,Male,Not much,0
South,TN,TN-07,330996,70-74,White,Some College,Male,Some,0
West,UT,UT-02,331041,18-24,Hispanic,HS or less,Female,Some,0
South,MD,MD-07,331126,25-29,Black,HS or less,Female,A good deal,1
Midwest,WI,WI-05,331168,45-49,White,HS or less,Female,Some,0
West,UT,UT-02,331180,65-69,White,BA/BS,Male,Some,0
South,TN,TN-07,331265,30-34,White,HS or less,Male,Some,0
West,CA,CA-12,331304,50-54,Hispanic,Postgrad,Male,A good deal,1
Midwest,OH,OH-15,331305,60-64,White,Some College,Female,Some,0
Midwest,MO,MO-03,331399,18-24,White,HS or less,Female,Some,0
Midwest,MI,MI-07,331503,40-44,White,Postgrad,Male,Not much,0
Northeast,CT,CT-02,331565,35-39,White,Some College,Male,Some,0
Midwest,IL,IL-11,331714,30-34,White,Postgrad,Male,Not much,0
Midwest,ND,ND-00,331834,40-44,Black,HS or less,Male,Not much,0
West,CA,CA-47,331869,30-34,Hispanic,Postgrad,Female,Some,0
West,UT,UT-02,331969,55-59,White,Some College,Male,Some,0
West,CA,CA-40,331976,50-54,Hispanic,Some College,Male,Some,0
Midwest,MN,MN-08,332094,60-64,White,HS or less,Female,A good deal,1
South,TX,TX-12,332272,70-74,White,BA/BS,Female,Some,0
South,AR,AR-02,332332,40-44,White,HS or less,Male,Not much,0
Midwest,MN,MN-08,332433,25-29,White,BA/BS,Female,Some,0
Northeast,PA,PA-08,332642,25-29,Hispanic,HS or less,Female,Not much,0
South,TX,TX-34,332687,18-24,Hispanic,HS or less,Male,A good deal,1
Northeast,NY,NY-25,332721,45-49,White,Postgrad,Female,Not much,0
Northeast,CT,CT-02,332751,25-29,Hispanic,BA/BS,Female,A good deal,1
West,WA,WA-02,332912,60-64,White,BA/BS,Female,A good deal,1
South,VA,VA-03,333005,80 plus,White,Some College,Female,Some,0
West,CA,CA-49,333314,80 plus,White,BA/BS,Female,A good deal,1
Midwest,MO,MO-03,333335,35-39,White,Some College,Female,Some,0
West,UT,UT-02,333344,25-29,Other,BA/BS,Male,A good deal,1
Northeast,MA,MA-05,333458,60-64,White,HS or less,Male,A good deal,1
South,TX,TX-19,333673,35-39,White,Some College,Male,Not much,0
West,WA,WA-02,333687,40-44,White,Some College,Male,Not much,0
Midwest,MI,MI-07,333718,60-64,White,HS or less,Male,Not much,0
West,OR,OR-04,333756,75-79,White,Postgrad,Female,A good deal,1
South,AL,AL-04,333773,60-64,White,BA/BS,Female,Not much,0
West,CA,CA-27,333889,65-69,White,HS or less,Male,A good deal,1
South,AR,AR-02,334064,70-74,White,HS or less,Male,A good deal,1
Midwest,ND,ND-00,334077,80 plus,White,Some College,Male,Some,0
Midwest,ND,ND-00,334153,60-64,White,HS or less,Male,A good deal,1
South,SC,SC-01,334509,70-74,White,Postgrad,Male,A good deal,1
Northeast,PA,PA-08,334573,30-34,Asian,Postgrad,Male,A good deal,1
South,SC,SC-01,334591,50-54,White,Postgrad,Male,Some,0
West,CA,CA-41,334700,50-54,Black,BA/BS,Female,Not much,0
Northeast,NJ,NJ-07,334801,50-54,White,HS or less,Female,Some,0
Northeast,MA,MA-02,334817,55-59,White,HS or less,Male,A good deal,1
Midwest,MI,MI-07,334823,65-69,White,HS or less,Female,A good deal,1
South,SC,SC-02,334906,30-34,Other,Some College,Female,Some,0
South,TX,TX-19,335043,25-29,Black,HS or less,Male,Some,0
West,UT,UT-02,335208,60-64,Other,BA/BS,Female,Some,0
South,TX,TX-17,335285,70-74,White,Some College,Female,Some,0
Midwest,ND,ND-00,335322,40-44,White,Some College,Female,Some,0
West,CA,CA-41,335388,35-39,White,Some College,Female,Some,0
Midwest,MO,MO-03,335438,40-44,White,Some College,Female,Not much,0
Midwest,OH,OH-03,335445,35-39,White,Postgrad,Male,Some,0
West,OR,OR-03,335580,35-39,White,Some College,Male,Some,0
South,KY,KY-02,335760,55-59,White,Some College,Male,A good deal,1
West,WA,WA-02,335830,45-49,White,Some College,Male,Some,0
Northeast,MA,MA-02,335946,25-29,White,BA/BS,Female,Some,0
West,OR,OR-04,336173,55-59,White,Postgrad,Male,Not much,0
Midwest,MO,MO-01,336184,75-79,White,BA/BS,Male,Some,0
West,CO,CO-05,336218,45-49,White,BA/BS,Male,Some,0
West,UT,UT-02,336278,25-29,White,BA/BS,Female,Some,0
Midwest,ND,ND-00,336325,60-64,White,Postgrad,Male,Not much,0
South,VA,VA-11,336525,50-54,Asian,Postgrad,Male,A good deal,1
Northeast,MA,MA-07,336728,50-54,White,Postgrad,Male,Not much,0
South,TX,TX-17,336818,60-64,White,Some College,Male,A good deal,1
South,SC,SC-01,336826,45-49,White,BA/BS,Male,A good deal,1
Northeast,PA,PA-08,336854,30-34,Hispanic,HS or less,Female,Some,0
Midwest,MO,MO-03,336978,70-74,White,HS or less,Female,A good deal,1
South,TN,TN-07,337080,45-49,White,HS or less,Male,A good deal,1
West,OR,OR-03,337094,45-49,White,Some College,Male,Some,0
Midwest,MI,MI-07,337211,65-69,White,Some College,Male,A good deal,1
South,FL,FL-25,337361,35-39,Hispanic,Some College,Female,A good deal,1
Midwest,MO,MO-03,337848,18-24,Asian,Some College,Male,A good deal,1
West,CA,CA-36,338080,45-49,White,BA/BS,Male,A good deal,1
South,MD,MD-07,338097,60-64,Black,HS or less,Female,Some,0
Midwest,WI,WI-05,338238,75-79,White,Postgrad,Male,Some,0
South,FL,FL-08,338306,35-39,White,HS or less,Female,A good deal,1
Northeast,MA,MA-08,338347,30-34,Black,BA/BS,Male,A good deal,1
West,WA,WA-02,338419,18-24,White,HS or less,Male,A good deal,1
South,AL,AL-05,338430,25-29,Other,HS or less,Male,A good deal,1
Midwest,ND,ND-00,338443,45-49,White,HS or less,Female,Some,0
Midwest,OH,OH-03,338533,40-44,White,HS or less,Male,Not much,0
Midwest,OH,OH-03,338599,55-59,Black,Some College,Female,A good deal,1
South,MD,MD-07,338645,60-64,Black,BA/BS,Female,Some,0
South,AL,AL-05,338717,50-54,White,Some College,Female,Some,0
South,SC,SC-01,338760,60-64,Black,Some College,Female,Some,0
South,VA,VA-02,338843,80 plus,White,Some College,Female,Some,0
West,AZ,AZ-03,338934,65-69,Hispanic,HS or less,Male,Not much,0
South,MD,MD-07,338937,18-24,White,Some College,Female,Some,0
West,CA,CA-30,338939,50-54,White,BA/BS,Male,Some,0
West,CA,CA-50,338976,35-39,White,Postgrad,Female,Some,0
South,AL,AL-05,338980,80 plus,White,HS or less,Female,Some,0
Midwest,MO,MO-03,339072,35-39,White,Some College,Male,Some,0
West,CA,CA-14,339168,60-64,White,Postgrad,Female,A good deal,1
Midwest,IA,IA-03,339331,65-69,Other,Some College,Male,A good deal,1
Midwest,WI,WI-05,339335,60-64,White,BA/BS,Male,A good deal,1
South,NC,NC-07,339452,40-44,White,Some College,Female,Not much,0
South,GA,GA-07,339478,65-69,White,HS or less,Male,Some,0
South,GA,GA-08,339480,25-29,Black,Some College,Female,Not much,0
Midwest,IA,IA-03,339506,50-54,White,BA/BS,Female,A good deal,1
Midwest,IN,IN-01,339602,60-64,Black,BA/BS,Female,Some,0
South,TN,TN-07,339666,50-54,White,BA/BS,Female,A good deal,1
South,TX,TX-15,339732,60-64,Hispanic,HS or less,Male,A good deal,1
South,VA,VA-02,339757,18-24,White,Some College,Female,Some,0
West,OR,OR-03,339850,30-34,Other,HS or less,Female,Not much,0
Midwest,MO,MO-01,340121,50-54,White,BA/BS,Male,Not much,0
Northeast,NY,NY-25,340249,25-29,White,Some College,Female,Some,0
Northeast,NY,NY-25,340828,55-59,White,Postgrad,Male,Some,0
South,KY,KY-02,340910,45-49,White,Postgrad,Female,Some,0
Midwest,MI,MI-07,340965,70-74,Hispanic,Postgrad,Male,A good deal,1
South,FL,FL-08,341028,60-64,White,Some College,Female,Not much,0
West,WA,WA-02,341119,70-74,White,HS or less,Female,Not much,0
South,MD,MD-07,341266,55-59,Black,HS or less,Female,Some,0
South,MD,MD-07,341414,55-59,Black,HS or less,Female,Not much,0
South,SC,SC-01,341439,80 plus,White,Postgrad,Female,A good deal,1
West,CA,CA-50,341524,25-29,White,BA/BS,Female,Some,0
Midwest,IL,IL-02,341604,60-64,Other,Some College,Female,Some,0
Northeast,NY,NY-25,341749,60-64,White,HS or less,Male,Some,0
West,OR,OR-01,341784,45-49,Asian,BA/BS,Female,A good deal,1
South,GA,GA-08,341794,65-69,White,HS or less,Female,Some,0
South,AR,AR-02,341846,75-79,Other,Postgrad,Male,Some,0
West,AZ,AZ-01,341865,50-54,White,Postgrad,Male,Some,0
West,UT,UT-02,341904,25-29,Asian,BA/BS,Male,A good deal,1
Midwest,MO,MO-03,341906,70-74,White,Some College,Male,A good deal,1
South,MD,MD-07,341916,55-59,Black,Some College,Female,Not much,0
South,VA,VA-02,341986,50-54,White,Some College,Female,Not much,0
South,FL,FL-25,342160,75-79,Hispanic,HS or less,Male,Some,0
Midwest,WI,WI-05,342163,50-54,White,BA/BS,Male,Some,0
South,TX,TX-17,342520,60-64,Black,Some College,Male,A good deal,1
Midwest,MN,MN-08,342539,55-59,White,BA/BS,Female,Some,0
West,AZ,AZ-03,342690,25-29,White,BA/BS,Female,A good deal,1
Midwest,ND,ND-00,342720,75-79,White,Some College,Female,A good deal,1
Midwest,MO,MO-03,342721,45-49,White,Some College,Male,A good deal,1
Midwest,MO,MO-03,342766,55-59,Black,HS or less,Male,Not much,0
South,KY,KY-02,342842,55-59,White,Postgrad,Female,Not much,0
Midwest,IN,IN-01,342862,40-44,White,Some College,Female,Some,0
West,CA,CA-27,343051,60-64,Hispanic,HS or less,Male,Not much,0
South,GA,GA-08,343215,40-44,Black,Some College,Female,Not much,0
West,UT,UT-02,343223,55-59,White,Some College,Female,Some,0
Midwest,OH,OH-03,343288,35-39,White,Postgrad,Male,A good deal,1
Midwest,MN,MN-08,343512,75-79,White,Postgrad,Male,A good deal,1
South,AL,AL-05,343651,25-29,White,HS or less,Female,Some,0
South,NC,NC-07,343703,60-64,White,HS or less,Female,A good deal,1
South,FL,FL-25,343863,40-44,Asian,Postgrad,Male,Not much,0
Midwest,MO,MO-01,343884,45-49,White,BA/BS,Female,Some,0
Midwest,IL,IL-15,343894,50-54,White,Postgrad,Male,A good deal,1
West,OR,OR-03,343910,35-39,White,Some College,Male,Not much,0
Northeast,MA,MA-07,343932,25-29,White,Postgrad,Male,Some,0
South,GA,GA-11,343994,75-79,White,BA/BS,Female,A good deal,1
Northeast,CT,CT-02,344010,25-29,Hispanic,Some College,Female,Not much,0
Northeast,CT,CT-02,344206,80 plus,White,HS or less,Male,A good deal,1
Midwest,IL,IL-02,344207,55-59,White,Some College,Male,Some,0
Midwest,IL,IL-05,344251,75-79,White,Postgrad,Male,A good deal,1
West,CA,CA-50,344295,35-39,Asian,Postgrad,Male,A good deal,1
West,UT,UT-02,344307,70-74,White,HS or less,Male,Some,0
South,VA,VA-03,344332,30-34,Black,BA/BS,Female,A good deal,1
Northeast,NY,NY-07,344488,30-34,White,BA/BS,Female,A good deal,1
West,CA,CA-39,344543,70-74,Hispanic,HS or less,Female,Some,0
Midwest,MN,MN-08,344826,70-74,White,Some College,Male,Some,0
Midwest,OH,OH-03,344859,40-44,White,Postgrad,Female,Some,0
Northeast,PA,PA-08,344977,40-44,White,HS or less,Male,A good deal,1
West,UT,UT-02,345194,35-39,White,Some College,Female,Some,0
South,SC,SC-02,345218,40-44,Black,Some College,Female,Some,0
West,CA,CA-38,345232,18-24,Hispanic,Some College,Female,Some,0
South,TN,TN-07,345337,18-24,White,BA/BS,Male,Some,0
South,TN,TN-07,345364,35-39,White,Some College,Male,Not much,0
West,AZ,AZ-01,345378,50-54,White,BA/BS,Female,A good deal,1
Northeast,PA,PA-08,345491,65-69,Black,HS or less,Male,Some,0
South,NC,NC-07,345550,80 plus,White,HS or less,Female,Some,0
DC,DC,DC-98,345578,55-59,White,Postgrad,Male,A good deal,1
West,WA,WA-02,345802,50-54,White,Postgrad,Female,Some,0
South,VA,VA-03,345806,65-69,White,Some College,Female,A good deal,1
South,TX,TX-08,345831,60-64,Hispanic,HS or less,Female,Some,0
Midwest,WI,WI-05,345922,35-39,White,BA/BS,Male,A good deal,1
Northeast,CT,CT-05,346005,75-79,White,Postgrad,Female,Some,0
Northeast,CT,CT-02,346089,45-49,White,Some College,Male,Some,0
Midwest,MO,MO-01,346091,75-79,White,HS or less,Female,A good deal,1
South,TN,TN-07,346093,80 plus,White,BA/BS,Female,Some,0
Midwest,MN,MN-08,346116,65-69,White,Some College,Female,A good deal,1
West,WA,WA-02,346251,35-39,White,Postgrad,Male,Some,0
South,KY,KY-02,346443,65-69,White,Postgrad,Female,A good deal,1
South,VA,VA-03,346515,45-49,White,Some College,Female,Some,0
West,OR,OR-03,346628,30-34,Hispanic,Postgrad,Male,Some,0
Midwest,IA,IA-03,346629,55-59,White,Postgrad,Female,Some,0
South,GA,GA-08,346786,70-74,White,Postgrad,Female,Not much,0
West,CO,CO-05,346848,25-29,Hispanic,Some College,Male,Some,0
West,WA,WA-02,346911,80 plus,White,Postgrad,Female,A good deal,1
South,TX,TX-12,347066,40-44,White,Postgrad,Male,Some,0
West,CA,CA-38,347261,30-34,Hispanic,Postgrad,Male,A good deal,1
Northeast,NY,NY-25,347406,45-49,White,Postgrad,Male,A good deal,1
South,TX,TX-15,347472,35-39,Hispanic,Postgrad,Female,A good deal,1
Midwest,MO,MO-03,347580,65-69,White,HS or less,Male,Some,0
South,GA,GA-08,347591,70-74,Black,HS or less,Male,Some,0
Northeast,NY,NY-25,347601,30-34,Black,HS or less,Female,Some,0
West,AZ,AZ-09,347603,55-59,Hispanic,HS or less,Female,Some,0
Northeast,NY,NY-04,347710,60-64,White,Postgrad,Female,Some,0
West,WA,WA-02,347759,70-74,White,BA/BS,Female,A good deal,1
South,KY,KY-02,347801,75-79,White,Some College,Female,A good deal,1
South,TX,TX-34,348005,45-49,Hispanic,HS or less,Female,Not much,0
Midwest,MI,MI-07,348052,75-79,White,Some College,Male,A good deal,1
South,AR,AR-02,348060,18-24,White,HS or less,Female,Some,0
West,WA,WA-02,348423,40-44,White,BA/BS,Male,A good deal,1
South,TN,TN-07,348654,65-69,Other,HS or less,Female,Not much,0
Northeast,NY,NY-25,348758,18-24,Hispanic,BA/BS,Female,Some,0
South,TX,TX-29,348761,30-34,Hispanic,HS or less,Female,Some,0
Midwest,MO,MO-03,348914,50-54,White,HS or less,Male,Not much,0
Midwest,MO,MO-03,348962,45-49,White,Some College,Female,Some,0
West,CA,CA-48,349098,18-24,Hispanic,HS or less,Male,A good deal,1
West,OR,OR-04,349141,80 plus,Other,HS or less,Female,A good deal,1
South,VA,VA-02,349153,45-49,White,BA/BS,Female,A good deal,1
Midwest,IL,IL-11,349275,18-24,Hispanic,HS or less,Male,A good deal,1
South,TX,TX-19,349373,50-54,White,HS or less,Male,A good deal,1
West,OR,OR-04,349381,65-69,Other,HS or less,Male,Some,0
South,AR,AR-02,349414,65-69,Other,HS or less,Male,Some,0
Midwest,ND,ND-00,349479,30-34,White,HS or less,Male,Some,0
Midwest,OH,OH-03,349491,55-59,Black,Some College,Female,Some,0
Midwest,MO,MO-01,349670,60-64,Black,Some College,Female,A good deal,1
Northeast,MA,MA-02,349733,35-39,Black,Some College,Male,Not much,0
Midwest,MO,MO-07,349767,30-34,White,BA/BS,Female,Some,0
Midwest,IL,IL-13,349864,60-64,Hispanic,BA/BS,Female,A good deal,1
Midwest,IL,IL-11,350000,75-79,White,Postgrad,Female,Some,0
Northeast,NJ,NJ-12,350030,50-54,White,Postgrad,Female,A good deal,1
Midwest,MO,MO-07,350183,80 plus,White,HS or less,Male,Some,0
South,FL,FL-20,350302,18-24,Black,HS or less,Female,Some,0
West,WA,WA-01,350327,45-49,Asian,Postgrad,Male,A good deal,1
South,FL,FL-25,350387,35-39,Hispanic,BA/BS,Female,Not much,0
Midwest,IL,IL-15,350406,45-49,White,BA/BS,Female,Some,0
Midwest,IA,IA-03,350724,80 plus,White,HS or less,Female,A good deal,1
West,CA,CA-41,350747,18-24,Asian,Some College,Male,Some,0
Northeast,MA,MA-02,350868,60-64,White,BA/BS,Female,Not much,0
South,AR,AR-02,350963,60-64,White,HS or less,Male,A good deal,1
Midwest,MI,MI-07,350980,55-59,White,HS or less,Male,A good deal,1
South,SC,SC-02,351012,65-69,White,HS or less,Male,Some,0
Midwest,OH,OH-03,351238,75-79,Other,HS or less,Female,Some,0
West,CA,CA-49,351535,65-69,White,Some College,Female,A good deal,1
West,CO,CO-05,351650,55-59,White,HS or less,Female,Not much,0
West,WA,WA-02,351784,65-69,White,Some College,Female,Some,0
Northeast,CT,CT-02,351859,18-24,Black,HS or less,Male,Some,0
West,WA,WA-02,352003,35-39,White,Some College,Male,Some,0
West,UT,UT-02,352166,60-64,Black,HS or less,Female,Not much,0
Northeast,NY,NY-04,352264,18-24,White,Some College,Female,A good deal,1
West,CA,CA-12,352275,65-69,Black,BA/BS,Female,A good deal,1
Northeast,CT,CT-05,352409,65-69,White,HS or less,Female,Some,0
West,UT,UT-02,352423,65-69,White,Some College,Male,A good deal,1
Midwest,IA,IA-03,352461,50-54,Other,Some College,Male,Some,0
South,TX,TX-33,352538,18-24,Black,HS or less,Male,A good deal,1
South,GA,GA-08,352620,30-34,Black,HS or less,Female,Not much,0
South,TX,TX-19,352901,25-29,White,Some College,Female,Not much,0
Northeast,CT,CT-01,352915,55-59,White,HS or less,Female,Not much,0
Midwest,MO,MO-07,352953,65-69,White,HS or less,Male,Not much,0
Northeast,NY,NY-25,353269,65-69,White,Postgrad,Male,Some,0
West,UT,UT-02,353415,30-34,White,BA/BS,Male,Some,0
South,AL,AL-05,353659,65-69,Hispanic,HS or less,Male,Not much,0
West,CA,CA-27,353756,75-79,White,BA/BS,Male,Not much,0
South,TX,TX-17,353983,30-34,Hispanic,BA/BS,Male,Some,0
South,TN,TN-07,354122,18-24,White,HS or less,Male,Some,0
South,AR,AR-02,354149,18-24,White,HS or less,Female,Not much,0
Midwest,WI,WI-05,354233,55-59,White,HS or less,Female,Some,0
West,OR,OR-03,354361,35-39,White,Some College,Male,Not much,0
Northeast,NY,NY-25,354499,45-49,Black,Some College,Female,A good deal,1
Midwest,WI,WI-05,354560,65-69,White,Postgrad,Male,Some,0
South,VA,VA-11,354599,75-79,White,Postgrad,Male,Some,0
South,FL,FL-28,354679,70-74,Black,Postgrad,Female,Some,0
West,UT,UT-02,354834,18-24,White,Some College,Male,A good deal,1
Northeast,CT,CT-02,354914,70-74,White,Postgrad,Female,Some,0
Midwest,MI,MI-07,354995,18-24,Other,Some College,Female,A good deal,1
South,TX,TX-15,355008,60-64,Hispanic,Some College,Female,Some,0
South,SC,SC-02,355224,45-49,Black,HS or less,Female,Some,0
Midwest,MO,MO-07,355272,60-64,Other,BA/BS,Male,A good deal,1
South,TX,TX-25,355323,18-24,Hispanic,Some College,Female,A good deal,1
Northeast,NY,NY-25,355337,45-49,White,HS or less,Male,Not much,0
South,SC,SC-02,355622,45-49,White,BA/BS,Male,A good deal,1
South,MD,MD-07,355699,75-79,White,Postgrad,Female,A good deal,1
Midwest,IA,IA-03,355942,40-44,White,HS or less,Male,Some,0
Northeast,CT,CT-01,355971,60-64,White,BA/BS,Female,Some,0
West,CA,CA-30,355994,18-24,Hispanic,HS or less,Male,A good deal,1
West,CA,CA-12,356134,40-44,Hispanic,BA/BS,Female,A good deal,1
South,GA,GA-08,356222,50-54,White,Some College,Male,Not much,0
Northeast,NY,NY-07,356344,30-34,Hispanic,BA/BS,Female,A good deal,1
Midwest,MO,MO-07,356695,18-24,Other,BA/BS,Male,Some,0
West,WA,WA-02,356722,80 plus,White,Some College,Male,Some,0
South,TX,TX-19,356884,30-34,White,BA/BS,Male,Some,0
West,UT,UT-02,356927,18-24,White,BA/BS,Male,A good deal,1
West,CA,CA-39,357011,65-69,White,Postgrad,Male,A good deal,1
Midwest,IA,IA-03,357072,30-34,White,BA/BS,Male,A good deal,1
Northeast,NY,NY-25,357171,30-34,Black,Some College,Female,Some,0
Midwest,MO,MO-07,357596,35-39,Black,HS or less,Female,Not much,0
Northeast,CT,CT-05,357625,55-59,White,Postgrad,Male,A good deal,1
West,WA,WA-01,357680,65-69,White,BA/BS,Female,A good deal,1
South,TN,TN-05,357747,65-69,White,HS or less,Male,Some,0
Midwest,OH,OH-03,357891,40-44,White,Postgrad,Female,Not much,0
West,CA,CA-40,357911,35-39,White,Some College,Male,A good deal,1
West,CO,CO-05,358037,30-34,White,HS or less,Male,Some,0
Midwest,IN,IN-01,358067,45-49,Other,Some College,Male,Not much,0
South,KY,KY-02,358072,60-64,White,HS or less,Female,Some,0
Midwest,MO,MO-01,358094,80 plus,White,Postgrad,Female,A good deal,1
Midwest,MN,MN-08,358456,45-49,Other,HS or less,Male,A good deal,1
Northeast,MA,MA-07,358575,25-29,White,Postgrad,Male,A good deal,1
Northeast,NY,NY-14,358730,40-44,White,BA/BS,Female,A good deal,1
West,UT,UT-02,358765,25-29,White,HS or less,Male,A good deal,1
Midwest,IA,IA-03,358767,70-74,White,HS or less,Male,A good deal,1
Midwest,MO,MO-03,358778,25-29,White,HS or less,Female,Some,0
West,OR,OR-03,358797,18-24,Other,BA/BS,Female,Some,0
Midwest,IN,IN-01,358891,35-39,White,HS or less,Male,A good deal,1
South,VA,VA-02,358920,65-69,White,HS or less,Male,Some,0
South,SC,SC-02,359041,30-34,Black,HS or less,Female,Not much,0
Midwest,MO,MO-07,359053,50-54,Black,Postgrad,Female,A good deal,1
Midwest,ND,ND-00,359131,60-64,Hispanic,Some College,Male,Not much,0
West,UT,UT-02,359188,80 plus,White,BA/BS,Female,A good deal,1
West,CA,CA-14,359280,40-44,White,BA/BS,Female,A good deal,1
South,FL,FL-25,359281,50-54,Hispanic,BA/BS,Female,Not much,0
South,TX,TX-37,359299,65-69,White,Postgrad,Male,A good deal,1
South,TX,TX-17,359322,65-69,White,Some College,Female,Some,0
South,SC,SC-02,359345,40-44,Black,BA/BS,Female,A good deal,1
South,GA,GA-11,359361,50-54,White,Some College,Male,Some,0
South,KY,KY-02,359614,45-49,White,HS or less,Male,Some,0
West,CA,CA-48,359646,60-64,Other,Some College,Female,Some,0
Northeast,CT,CT-02,359760,40-44,White,BA/BS,Male,Some,0
South,TX,TX-19,359773,25-29,White,HS or less,Male,Not much,0
West,OR,OR-03,359839,55-59,White,Postgrad,Female,Some,0
Northeast,NJ,NJ-02,359848,55-59,White,BA/BS,Female,Some,0
West,CA,CA-39,359882,45-49,White,HS or less,Male,Some,0
West,OR,OR-03,359989,70-74,White,Some College,Female,Some,0
West,OR,OR-01,360129,45-49,White,Postgrad,Female,A good deal,1
Northeast,MA,MA-05,360194,80 plus,White,BA/BS,Female,Some,0
South,TN,TN-07,360275,50-54,White,Some College,Male,A good deal,1
South,KY,KY-02,360494,50-54,Black,BA/BS,Female,A good deal,1
South,AL,AL-05,360536,60-64,White,HS or less,Female,Not much,0
West,CA,CA-27,360636,55-59,White,BA/BS,Male,Some,0
South,SC,SC-02,360975,30-34,White,Postgrad,Female,Some,0
South,TX,TX-19,360976,30-34,White,BA/BS,Female,Some,0
Northeast,PA,PA-08,360982,40-44,White,Postgrad,Female,Some,0
South,TX,TX-15,360996,60-64,Hispanic,HS or less,Female,A good deal,1
South,TX,TX-08,361115,55-59,Black,BA/BS,Male,Not much,0
South,AL,AL-05,361162,75-79,White,HS or less,Male,Not much,0
South,FL,FL-08,361563,25-29,Other,BA/BS,Female,Some,0
South,TX,TX-25,361668,65-69,Black,Some College,Female,Some,0
South,FL,FL-08,361702,65-69,White,Some College,Female,Some,0
Midwest,MN,MN-08,361718,80 plus,Other,BA/BS,Female,A good deal,1
Northeast,PA,PA-08,361853,60-64,White,HS or less,Female,A good deal,1
Midwest,WI,WI-05,362090,60-64,White,Some College,Female,A good deal,1
South,GA,GA-08,362168,75-79,White,Some College,Male,Some,0
DC,DC,DC-98,362218,50-54,White,Postgrad,Female,A good deal,1
South,SC,SC-02,362312,18-24,Black,HS or less,Female,Not much,0
South,TX,TX-15,362457,18-24,Hispanic,HS or less,Male,Not much,0
South,KY,KY-02,362604,18-24,Other,Some College,Female,Some,0
Midwest,MN,MN-08,362661,55-59,White,Some College,Female,Not much,0
Midwest,IL,IL-08,362679,55-59,White,Some College,Male,A good deal,1
Midwest,MO,MO-03,362782,60-64,Other,HS or less,Male,Not much,0
South,AL,AL-04,362831,55-59,Black,Some College,Male,Some,0
Midwest,MO,MO-03,362840,30-34,White,Postgrad,Female,A good deal,1
Northeast,PA,PA-08,362848,65-69,Other,HS or less,Male,Not much,0
South,SC,SC-02,362901,70-74,White,HS or less,Female,Some,0
South,AL,AL-04,362971,35-39,White,Postgrad,Female,Some,0
West,OR,OR-01,362976,65-69,White,BA/BS,Female,A good deal,1
Midwest,IL,IL-02,362981,40-44,White,Postgrad,Female,Some,0
South,AL,AL-04,363094,65-69,Black,HS or less,Male,Some,0
West,UT,UT-02,363127,35-39,White,BA/BS,Female,Some,0
Northeast,MA,MA-08,363438,25-29,White,BA/BS,Male,A good deal,1
West,WA,WA-02,363455,55-59,White,HS or less,Female,Some,0
West,OR,OR-04,363507,18-24,Other,HS or less,Male,A good deal,1
West,UT,UT-02,363630,70-74,White,Some College,Female,Some,0
Northeast,PA,PA-08,363670,55-59,White,HS or less,Female,Not much,0
Midwest,MO,MO-03,363684,65-69,White,Some College,Male,Not much,0
South,FL,FL-08,363801,30-34,White,Some College,Male,Some,0
West,AZ,AZ-01,363934,25-29,White,BA/BS,Female,Some,0
Midwest,IA,IA-03,363979,45-49,White,HS or less,Male,A good deal,1
South,AR,AR-02,364230,40-44,White,HS or less,Male,A good deal,1
Midwest,IA,IA-03,364370,65-69,White,HS or less,Female,Not much,0
Midwest,MO,MO-07,364636,55-59,White,HS or less,Female,Some,0
West,CA,CA-12,364677,40-44,White,Postgrad,Female,A good deal,1
Northeast,CT,CT-05,364684,45-49,Black,Postgrad,Female,Some,0
Midwest,MO,MO-07,364884,35-39,White,BA/BS,Male,Not much,0
South,TX,TX-37,365029,30-34,White,BA/BS,Female,A good deal,1
West,CA,CA-27,365070,65-69,White,Some College,Female,Not much,0
West,WA,WA-01,365110,30-34,White,BA/BS,Male,Some,0
West,WA,WA-02,365117,80 plus,White,Some College,Male,Some,0
South,AL,AL-05,365170,75-79,White,Some College,Female,A good deal,1
West,CA,CA-40,365212,50-54,Hispanic,Some College,Female,Not much,0
Midwest,WI,WI-05,365449,65-69,White,Some College,Female,Some,0
South,TX,TX-37,365496,30-34,White,BA/BS,Female,A good deal,1
West,OR,OR-01,365558,65-69,Hispanic,HS or less,Female,A good deal,1
South,SC,SC-02,365669,25-29,White,HS or less,Female,Some,0
South,FL,FL-08,365679,25-29,Hispanic,Some College,Male,Not much,0
Midwest,IL,IL-15,365722,50-54,White,Postgrad,Female,Some,0
Northeast,CT,CT-01,365805,60-64,White,Some College,Female,A good deal,1
Midwest,IN,IN-01,365943,70-74,Black,Some College,Female,Some,0
South,FL,FL-27,366126,80 plus,Hispanic,HS or less,Female,Some,0
South,TX,TX-17,366241,60-64,White,HS or less,Male,Not much,0
West,CO,CO-05,366256,30-34,White,Postgrad,Female,A good deal,1
West,CA,CA-38,366272,65-69,White,Some College,Female,Not much,0
Midwest,IN,IN-02,366281,75-79,White,HS or less,Female,Some,0
West,CO,CO-05,366332,75-79,White,BA/BS,Female,Some,0
West,AZ,AZ-09,366461,35-39,Hispanic,Some College,Male,A good deal,1
Midwest,OH,OH-03,366544,25-29,Asian,BA/BS,Male,Some,0
West,CO,CO-05,366692,40-44,White,Some College,Female,Some,0
South,AR,AR-02,366799,25-29,White,HS or less,Male,Not much,0
Midwest,MO,MO-07,366836,35-39,White,BA/BS,Female,Some,0
Northeast,CT,CT-02,366951,40-44,Hispanic,Some College,Female,Not much,0
West,WA,WA-02,367150,35-39,Asian,BA/BS,Male,Some,0
Midwest,OH,OH-15,367239,18-24,White,HS or less,Female,Some,0
South,TX,TX-19,367246,80 plus,White,BA/BS,Male,Some,0
Midwest,IN,IN-01,367344,45-49,Other,Some College,Female,Some,0
South,TN,TN-07,367473,65-69,Black,BA/BS,Male,A good deal,1
South,MD,MD-07,367614,45-49,Black,Some College,Female,A good deal,1
Midwest,IN,IN-02,367771,25-29,White,BA/BS,Female,A good deal,1
South,AL,AL-05,367791,18-24,Black,Some College,Male,Not much,0
West,CA,CA-36,367930,35-39,Hispanic,BA/BS,Male,A good deal,1
South,SC,SC-01,367960,70-74,White,Some College,Female,Some,0
South,AR,AR-01,368013,75-79,Black,BA/BS,Male,A good deal,1
West,CO,CO-05,368057,65-69,White,Some College,Female,Some,0
Midwest,IA,IA-03,368110,40-44,White,BA/BS,Male,Some,0
West,CA,CA-29,368251,35-39,White,Some College,Female,A good deal,1
Northeast,NY,NY-25,368346,25-29,White,Postgrad,Male,Not much,0
South,TX,TX-17,368392,35-39,White,Some College,Female,Not much,0
Northeast,NJ,NJ-07,368554,70-74,White,Postgrad,Male,Some,0
Northeast,MA,MA-07,368739,75-79,Hispanic,Some College,Female,Some,0
South,VA,VA-03,368744,75-79,White,HS or less,Male,A good deal,1
West,WA,WA-02,368836,45-49,White,Some College,Male,Some,0
Midwest,MO,MO-03,369154,40-44,White,Some College,Female,Not much,0
Northeast,CT,CT-05,369260,55-59,White,Postgrad,Female,A good deal,1
Midwest,ND,ND-00,369437,50-54,White,Some College,Female,Some,0
South,TX,TX-17,369742,80 plus,White,BA/BS,Male,Some,0
West,WA,WA-02,369793,65-69,White,BA/BS,Female,A good deal,1
South,KY,KY-02,369794,60-64,Hispanic,HS or less,Male,Some,0
Northeast,PA,PA-08,370232,40-44,White,BA/BS,Female,A good deal,1
South,FL,FL-08,370274,80 plus,White,BA/BS,Male,A good deal,1
South,GA,GA-08,370292,40-44,Black,HS or less,Female,A good deal,1
Northeast,NY,NY-25,370629,60-64,Black,Some College,Female,Not much,0
South,GA,GA-11,370665,50-54,White,HS or less,Male,Not much,0
Northeast,CT,CT-01,370734,55-59,White,Some College,Female,Not much,0
South,TN,TN-07,370887,70-74,White,HS or less,Female,A good deal,1
Midwest,IA,IA-03,370912,18-24,White,HS or less,Female,A good deal,1
South,GA,GA-08,370996,55-59,Black,Some College,Female,Not much,0
Northeast,NY,NY-07,371192,30-34,White,BA/BS,Female,Some,0
South,GA,GA-07,371197,65-69,White,BA/BS,Male,Some,0
Midwest,OH,OH-03,371499,70-74,White,HS or less,Male,Some,0
West,OR,OR-03,371522,30-34,Asian,Some College,Female,A good deal,1
Midwest,IN,IN-02,371599,75-79,White,HS or less,Female,A good deal,1
South,KY,KY-02,371601,50-54,White,Postgrad,Male,Some,0
South,AL,AL-05,371622,18-24,White,Some College,Male,Some,0
South,MD,MD-07,371696,45-49,White,HS or less,Female,Some,0
South,AR,AR-02,371716,60-64,White,Some College,Female,Some,0
Midwest,MO,MO-01,371794,80 plus,Black,Postgrad,Male,A good deal,1
West,CA,CA-39,371799,75-79,White,BA/BS,Female,A good deal,1
Midwest,OH,OH-03,371822,30-34,Black,BA/BS,Male,Some,0
West,AZ,AZ-08,371875,70-74,White,Some College,Female,Some,0
Northeast,MA,MA-02,371898,50-54,White,Some College,Male,Some,0
DC,DC,DC-98,372112,70-74,Black,Postgrad,Female,A good deal,1
Northeast,PA,PA-08,372240,75-79,White,Some College,Female,Not much,0
West,WA,WA-02,372513,35-39,Hispanic,Some College,Female,Some,0
South,TX,TX-17,372561,30-34,Black,HS or less,Male,Some,0
West,OR,OR-03,372625,25-29,Other,HS or less,Female,Some,0
South,TN,TN-07,372767,50-54,White,Postgrad,Female,A good deal,1
Northeast,NY,NY-04,372998,55-59,Hispanic,Some College,Male,Some,0
South,VA,VA-11,373244,45-49,Asian,Some College,Male,Some,0
Midwest,MN,MN-08,373259,60-64,White,BA/BS,Male,Some,0
Midwest,MI,MI-07,373349,40-44,White,Some College,Female,Some,0
South,GA,GA-08,373353,65-69,White,HS or less,Female,Not much,0
South,FL,FL-08,373501,80 plus,White,Postgrad,Male,Some,0
South,SC,SC-02,373611,70-74,White,Postgrad,Male,A good deal,1
South,TN,TN-05,373614,18-24,White,HS or less,Male,A good deal,1
Midwest,IL,IL-02,373709,55-59,White,HS or less,Male,Not much,0
South,TX,TX-19,373727,25-29,White,BA/BS,Female,Some,0
Midwest,MN,MN-08,373749,60-64,White,Some College,Female,Some,0
West,OR,OR-04,373800,40-44,Other,HS or less,Male,Not much,0
Northeast,NJ,NJ-02,373845,60-64,Asian,BA/BS,Male,Not much,0
Midwest,MN,MN-08,373925,25-29,White,Postgrad,Female,Not much,0
West,UT,UT-02,374163,50-54,White,HS or less,Female,A good deal,1
Midwest,MO,MO-01,374249,55-59,White,BA/BS,Female,Some,0
Midwest,WI,WI-05,374370,75-79,White,Some College,Male,A good deal,1
South,TX,TX-08,374555,40-44,Black,Some College,Female,Not much,0
Northeast,MA,MA-02,374556,40-44,White,Postgrad,Male,Some,0
Midwest,MN,MN-08,374629,65-69,White,Postgrad,Male,Some,0
South,MD,MD-07,374749,65-69,Black,HS or less,Male,A good deal,1
Midwest,IN,IN-02,374805,40-44,White,Postgrad,Female,A good deal,1
South,TX,TX-19,374823,35-39,Other,Some College,Male,Not much,0
Northeast,PA,PA-08,374873,60-64,Black,HS or less,Female,Some,0
South,MD,MD-07,374897,60-64,Black,HS or less,Male,A good deal,1
West,OR,OR-04,374958,45-49,White,Some College,Male,Some,0
South,AL,AL-04,375143,70-74,White,HS or less,Male,Not much,0
South,FL,FL-27,375310,35-39,Hispanic,BA/BS,Male,Some,0
West,OR,OR-04,375394,60-64,White,HS or less,Male,Some,0
Midwest,IN,IN-01,375448,60-64,White,Some College,Male,Some,0
Northeast,CT,CT-03,375523,80 plus,Other,Some College,Female,A good deal,1
Midwest,MO,MO-07,375575,18-24,White,HS or less,Male,Not much,0
South,TN,TN-07,375581,65-69,White,Some College,Male,A good deal,1
Northeast,MA,MA-03,375641,70-74,White,HS or less,Female,A good deal,1
Midwest,IN,IN-01,375738,18-24,Other,HS or less,Female,Some,0
South,TX,TX-34,375820,55-59,Hispanic,HS or less,Female,A good deal,1
South,TX,TX-17,375874,35-39,White,HS or less,Male,A good deal,1
Midwest,IL,IL-02,375911,40-44,White,HS or less,Female,Some,0
Midwest,MO,MO-03,375989,60-64,White,HS or less,Male,Some,0
West,UT,UT-02,375993,18-24,Asian,HS or less,Male,Some,0
West,OR,OR-03,376054,18-24,Asian,Some College,Female,Some,0
Midwest,IL,IL-15,376075,35-39,Other,Some College,Male,Not much,0
Midwest,IA,IA-03,376115,18-24,White,Some College,Male,Some,0
Northeast,MA,MA-05,376234,80 plus,White,Some College,Female,Some,0
South,AL,AL-04,376331,50-54,White,HS or less,Male,A good deal,1
South,AR,AR-02,376387,55-59,White,HS or less,Female,Some,0
Midwest,MN,MN-08,376398,55-59,White,HS or less,Male,A good deal,1
Northeast,CT,CT-01,376802,80 plus,White,HS or less,Female,Some,0
South,GA,GA-08,376902,50-54,White,Some College,Male,Some,0
South,TX,TX-34,376978,45-49,Hispanic,Some College,Male,A good deal,1
West,UT,UT-02,377074,25-29,Hispanic,Some College,Male,Some,0
Midwest,IL,IL-11,377251,75-79,Hispanic,Postgrad,Female,A good deal,1
West,OR,OR-04,377258,55-59,White,HS or less,Female,Not much,0
South,TX,TX-24,377268,45-49,Hispanic,HS or less,Male,Some,0
Northeast,CT,CT-02,377378,30-34,White,Postgrad,Female,Some,0
South,TX,TX-17,377421,60-64,White,HS or less,Male,Not much,0
Midwest,IN,IN-01,377462,35-39,White,HS or less,Female,Some,0
Midwest,IA,IA-03,377758,30-34,White,BA/BS,Female,Some,0
South,TX,TX-15,377819,25-29,Hispanic,HS or less,Female,Some,0
Midwest,MI,MI-07,377972,75-79,White,HS or less,Female,A good deal,1
West,CA,CA-36,377978,65-69,White,Some College,Female,Some,0
South,GA,GA-08,377981,80 plus,White,Some College,Female,Some,0
West,CO,CO-05,377993,65-69,White,BA/BS,Female,Not much,0
Northeast,MA,MA-03,378058,65-69,White,BA/BS,Male,Not much,0
Northeast,CT,CT-02,378378,70-74,White,Postgrad,Male,A good deal,1
South,AL,AL-04,378402,65-69,White,HS or less,Male,Some,0
South,KY,KY-02,378425,40-44,White,Postgrad,Female,Some,0
South,TX,TX-17,378549,25-29,Black,BA/BS,Female,Not much,0
Midwest,IA,IA-03,378604,35-39,White,HS or less,Female,Some,0
South,MD,MD-07,378683,80 plus,White,Some College,Female,Some,0
West,AZ,AZ-08,378893,70-74,White,HS or less,Male,Some,0
West,CA,CA-38,378918,65-69,White,HS or less,Male,Some,0
South,SC,SC-01,378977,50-54,Black,HS or less,Female,A good deal,1
South,GA,GA-08,378992,35-39,Black,HS or less,Male,A good deal,1
West,CA,CA-39,379055,40-44,Black,Postgrad,Female,A good deal,1
Midwest,IL,IL-01,379149,65-69,Black,HS or less,Male,Not much,0
South,TN,TN-07,379171,80 plus,White,HS or less,Female,A good deal,1
West,OR,OR-04,379202,75-79,White,Postgrad,Female,A good deal,1
Northeast,NY,NY-04,379245,70-74,White,Postgrad,Male,Some,0
West,OR,OR-04,379384,60-64,White,Some College,Male,Some,0
Northeast,NY,NY-25,379495,30-34,White,Postgrad,Male,Some,0
Northeast,CT,CT-02,379572,40-44,White,BA/BS,Female,Not much,0
South,TN,TN-07,379636,50-54,White,HS or less,Male,Some,0
Midwest,IN,IN-02,379855,75-79,White,Some College,Male,Some,0
West,WA,WA-02,379936,60-64,Other,HS or less,Male,Some,0
West,CA,CA-39,379947,55-59,Hispanic,HS or less,Female,Some,0
South,AL,AL-05,380037,80 plus,White,HS or less,Female,Some,0
West,UT,UT-02,380124,75-79,White,BA/BS,Female,Some,0
South,SC,SC-02,380185,35-39,Black,Some College,Female,Not much,0
Midwest,IA,IA-03,380399,25-29,White,Some College,Female,Some,0
West,CA,CA-12,380508,60-64,Black,Postgrad,Male,Not much,0
West,CO,CO-05,380685,60-64,White,BA/BS,Female,A good deal,1
South,AL,AL-04,380687,35-39,Black,Some College,Female,Some,0
South,FL,FL-08,380791,80 plus,White,HS or less,Male,Some,0
West,CA,CA-41,380885,35-39,Asian,BA/BS,Male,Some,0
West,OR,OR-04,381027,25-29,White,Some College,Female,Not much,0
Northeast,NJ,NJ-12,381048,65-69,White,Some College,Female,Some,0
Midwest,MO,MO-07,381190,30-34,Other,HS or less,Male,A good deal,1
Midwest,WI,WI-05,381267,60-64,White,Some College,Male,Some,0
South,GA,GA-11,381281,70-74,White,Postgrad,Female,Some,0
West,OR,OR-03,381286,60-64,White,BA/BS,Male,A good deal,1
South,VA,VA-11,381341,80 plus,White,Postgrad,Male,Some,0
South,TX,TX-19,381416,65-69,White,Some College,Female,Some,0
South,AL,AL-05,381884,55-59,White,BA/BS,Male,Some,0
Northeast,NJ,NJ-07,381908,60-64,Asian,BA/BS,Female,Some,0
Midwest,IL,IL-08,382062,80 plus,White,BA/BS,Female,Some,0
South,TX,TX-08,382113,25-29,Black,HS or less,Male,Not much,0
Northeast,NY,NY-14,382410,70-74,Asian,Postgrad,Male,Some,0
West,WA,WA-02,382412,80 plus,White,Postgrad,Male,A good deal,1
South,VA,VA-03,382516,18-24,Hispanic,HS or less,Female,Some,0
South,TX,TX-17,382868,60-64,Other,HS or less,Male,A good deal,1
South,TX,TX-19,382956,25-29,White,HS or less,Male,Some,0
South,AR,AR-02,382985,70-74,White,HS or less,Female,Some,0
Midwest,IL,IL-13,383038,80 plus,White,HS or less,Male,Some,0
West,AZ,AZ-08,383086,80 plus,White,Some College,Female,A good deal,1
Northeast,CT,CT-05,383155,55-59,White,BA/BS,Female,Some,0
South,FL,FL-08,383276,75-79,White,HS or less,Male,Not much,0
South,TX,TX-19,383295,30-34,White,BA/BS,Male,Not much,0
South,GA,GA-08,383424,55-59,Black,Some College,Male,Some,0
Northeast,NJ,NJ-02,383480,55-59,White,BA/BS,Male,Some,0
South,TX,TX-34,383739,45-49,Hispanic,Postgrad,Female,Some,0
West,OR,OR-03,383760,35-39,Asian,BA/BS,Female,Some,0
Midwest,ND,ND-00,383810,30-34,White,Some College,Female,Some,0
South,AR,AR-02,383818,35-39,White,Some College,Female,Not much,0
Midwest,WI,WI-05,383828,70-74,White,Postgrad,Male,A good deal,1
Midwest,ND,ND-00,383921,45-49,White,Some College,Male,Some,0
South,TN,TN-05,384006,40-44,White,Postgrad,Female,Some,0
Northeast,NJ,NJ-02,384053,40-44,Hispanic,Some College,Male,Not much,0
South,TX,TX-24,384086,40-44,Other,HS or less,Male,Some,0
West,CA,CA-47,384336,80 plus,White,BA/BS,Male,A good deal,1
Midwest,IA,IA-03,384367,30-34,White,Some College,Female,Some,0
South,SC,SC-02,384484,60-64,Black,BA/BS,Male,Some,0
South,TX,TX-33,384490,35-39,Hispanic,HS or less,Male,A good deal,1
South,AL,AL-04,384505,45-49,White,BA/BS,Female,A good deal,1
South,VA,VA-11,384581,40-44,White,BA/BS,Male,Some,0
Northeast,NY,NY-25,384582,25-29,White,Postgrad,Male,Not much,0
South,KY,KY-02,384766,60-64,White,BA/BS,Female,Some,0
South,TX,TX-17,384891,45-49,Hispanic,HS or less,Female,Some,0
West,WA,WA-01,385243,45-49,Asian,Postgrad,Male,A good deal,1
West,OR,OR-03,385696,80 plus,White,HS or less,Male,Some,0
Northeast,NY,NY-25,385749,40-44,White,Some College,Female,A good deal,1
South,TX,TX-17,385932,65-69,Black,Some College,Female,Some,0
South,AR,AR-02,385966,50-54,White,HS or less,Female,Not much,0
Midwest,MN,MN-08,386140,35-39,White,Some College,Male,Some,0
South,AL,AL-04,386298,65-69,Other,Some College,Male,Not much,0
South,SC,SC-02,386951,35-39,Black,BA/BS,Female,A good deal,1
West,OR,OR-03,387027,50-54,White,Postgrad,Female,A good deal,1
Northeast,NY,NY-04,387508,40-44,Black,Postgrad,Female,A good deal,1
South,TX,TX-15,387538,55-59,Hispanic,Some College,Female,Not much,0
South,SC,SC-02,387656,35-39,Other,BA/BS,Male,A good deal,1
Northeast,CT,CT-05,387657,75-79,White,Postgrad,Male,Some,0
West,UT,UT-02,387726,55-59,White,Some College,Male,Some,0
West,WA,WA-02,387728,70-74,White,HS or less,Female,A good deal,1
West,OR,OR-03,387859,18-24,White,HS or less,Female,Some,0
South,TX,TX-08,387887,30-34,Black,HS or less,Male,Some,0
South,FL,FL-08,387918,50-54,Hispanic,Postgrad,Female,A good deal,1
Northeast,PA,PA-08,387978,35-39,Hispanic,Some College,Female,A good deal,1
Midwest,MN,MN-08,387997,75-79,White,BA/BS,Female,Some,0
DC,DC,DC-98,388014,30-34,White,HS or less,Male,Some,0
South,MD,MD-07,388132,70-74,Black,BA/BS,Female,Some,0
South,TX,TX-34,388371,25-29,Hispanic,HS or less,Male,Not much,0
Midwest,MO,MO-03,388372,50-54,White,BA/BS,Male,Some,0
Midwest,MI,MI-07,388376,45-49,Black,Some College,Female,A good deal,1
West,OR,OR-04,388403,70-74,White,Some College,Female,Some,0
South,GA,GA-11,388443,80 plus,White,Some College,Female,Some,0
South,AL,AL-05,388445,70-74,White,BA/BS,Female,A good deal,1
Northeast,NJ,NJ-02,388490,50-54,White,HS or less,Female,Some,0
Northeast,CT,CT-05,388648,18-24,White,BA/BS,Male,Not much,0
South,TX,TX-37,388667,40-44,White,BA/BS,Female,Some,0
South,TX,TX-17,388827,45-49,Black,BA/BS,Male,Not much,0
South,SC,SC-02,388898,50-54,Other,HS or less,Male,Some,0
West,CA,CA-47,388929,65-69,White,Postgrad,Male,A good deal,1
Northeast,PA,PA-08,388959,65-69,White,Some College,Female,A good deal,1
Midwest,MO,MO-07,388961,30-34,Hispanic,Some College,Male,Not much,0
Northeast,CT,CT-05,388982,70-74,White,BA/BS,Female,Some,0
Northeast,NY,NY-25,388996,65-69,White,BA/BS,Female,A good deal,1
South,GA,GA-08,389028,25-29,White,HS or less,Male,Some,0
South,TX,TX-17,389211,60-64,White,HS or less,Male,A good deal,1
West,CA,CA-28,389232,55-59,Asian,HS or less,Male,Not much,0
West,AZ,AZ-03,389371,70-74,Black,Some College,Male,A good deal,1
West,OR,OR-04,389494,55-59,White,Some College,Female,A good deal,1
South,FL,FL-08,389549,45-49,Hispanic,BA/BS,Female,Some,0
Midwest,MO,MO-01,389715,80 plus,White,HS or less,Female,Not much,0
West,CO,CO-05,389759,60-64,Black,Some College,Male,Not much,0
South,SC,SC-01,389829,35-39,White,Some College,Male,A good deal,1
Midwest,MO,MO-03,389913,35-39,White,Postgrad,Female,Some,0
South,TX,TX-17,389940,55-59,White,BA/BS,Female,Some,0
South,SC,SC-01,389969,60-64,White,Postgrad,Female,A good deal,1
South,TN,TN-07,389971,80 plus,White,HS or less,Female,Not much,0
Midwest,MI,MI-07,390206,18-24,White,HS or less,Female,Some,0
South,FL,FL-25,390244,18-24,Hispanic,HS or less,Male,Some,0
Midwest,IN,IN-02,390332,40-44,White,HS or less,Male,Not much,0
Northeast,CT,CT-02,390407,80 plus,White,Some College,Female,A good deal,1
South,TX,TX-24,390437,40-44,Hispanic,HS or less,Female,Some,0
West,CA,CA-12,390479,45-49,White,Postgrad,Female,A good deal,1
South,GA,GA-08,390533,50-54,White,HS or less,Male,Some,0
West,CA,CA-34,390563,40-44,Hispanic,HS or less,Female,Not much,0
Northeast,NJ,NJ-02,390574,40-44,White,Some College,Male,Some,0
Midwest,MO,MO-03,390645,55-59,White,BA/BS,Male,Some,0
South,VA,VA-03,390881,65-69,White,HS or less,Male,A good deal,1
South,SC,SC-02,390979,75-79,White,HS or less,Female,Some,0
Midwest,IA,IA-03,391287,60-64,White,Some College,Male,Some,0
West,CO,CO-05,391442,50-54,Other,HS or less,Female,Not much,0
South,SC,SC-02,391578,75-79,White,Postgrad,Male,A good deal,1
South,TN,TN-07,391737,55-59,White,Some College,Male,Some,0
Midwest,ND,ND-00,391759,80 plus,White,HS or less,Female,A good deal,1
West,OR,OR-04,391904,80 plus,White,HS or less,Female,A good deal,1
South,TN,TN-05,391919,18-24,Black,BA/BS,Male,A good deal,1
South,TX,TX-15,391970,75-79,Hispanic,Some College,Male,Some,0
South,TN,TN-07,391981,18-24,White,HS or less,Male,Some,0
Northeast,NY,NY-07,392069,35-39,White,Postgrad,Male,A good deal,1
Northeast,PA,PA-08,392078,25-29,Hispanic,BA/BS,Female,Some,0
South,VA,VA-03,392171,70-74,Other,HS or less,Female,Some,0
Midwest,IA,IA-03,392354,55-59,White,BA/BS,Male,Some,0
South,NC,NC-07,392373,60-64,White,HS or less,Male,A good deal,1
Midwest,IL,IL-15,392584,50-54,White,BA/BS,Male,Some,0
South,MD,MD-07,392587,70-74,Black,Some College,Female,A good deal,1
West,UT,UT-02,392763,65-69,White,HS or less,Female,Some,0
West,UT,UT-02,392811,80 plus,White,HS or less,Female,Some,0
South,AR,AR-01,392937,60-64,Black,HS or less,Male,Some,0
West,OR,OR-04,392941,50-54,White,HS or less,Male,A good deal,1
Midwest,WI,WI-05,392961,18-24,White,HS or less,Female,Some,0
West,CA,CA-50,393194,25-29,White,BA/BS,Female,A good deal,1
Northeast,NY,NY-03,393245,70-74,White,Some College,Female,A good deal,1
West,AZ,AZ-09,393357,60-64,White,BA/BS,Male,Some,0
West,CA,CA-12,393531,80 plus,Other,BA/BS,Female,A good deal,1
South,TX,TX-18,393574,75-79,Hispanic,Some College,Female,Some,0
Midwest,MN,MN-08,393753,60-64,White,Some College,Male,A good deal,1
South,AR,AR-02,393794,60-64,Other,HS or less,Male,Some,0
West,CA,CA-12,393820,55-59,White,Postgrad,Female,A good deal,1
Midwest,IL,IL-09,393905,35-39,White,Postgrad,Female,A good deal,1
West,UT,UT-02,393932,45-49,White,Postgrad,Female,Some,0
South,TX,TX-19,394300,60-64,White,HS or less,Female,Some,0
West,CA,CA-41,394391,75-79,White,Some College,Female,Some,0
West,OR,OR-04,394401,40-44,White,BA/BS,Female,A good deal,1
Midwest,MO,MO-07,394483,40-44,Other,BA/BS,Male,Some,0
Midwest,MO,MO-02,394739,75-79,White,Postgrad,Male,Some,0
Midwest,IN,IN-01,394802,40-44,White,Some College,Male,A good deal,1
West,CA,CA-39,394872,75-79,White,Some College,Female,A good deal,1
South,TX,TX-24,395024,50-54,Hispanic,BA/BS,Male,A good deal,1
West,CA,CA-48,395051,40-44,Hispanic,HS or less,Male,Not much,0
South,TX,TX-17,395137,18-24,Hispanic,HS or less,Male,A good deal,1
Midwest,IA,IA-03,395139,70-74,White,Postgrad,Male,Some,0
Northeast,NY,NY-25,395173,25-29,White,BA/BS,Female,Some,0
South,AL,AL-05,395180,80 plus,White,HS or less,Male,Some,0
West,UT,UT-02,395236,45-49,White,HS or less,Female,Not much,0
Northeast,NY,NY-25,395396,55-59,White,BA/BS,Female,A good deal,1
West,WA,WA-02,395598,45-49,White,HS or less,Male,Some,0
Midwest,MI,MI-07,395642,60-64,White,HS or less,Male,Not much,0
Northeast,NY,NY-07,395658,75-79,Hispanic,HS or less,Male,A good deal,1
West,CA,CA-30,395742,35-39,Asian,Postgrad,Female,A good deal,1
South,AR,AR-01,395751,60-64,White,HS or less,Female,Not much,0
Midwest,IL,IL-01,395809,55-59,Black,Some College,Male,Some,0
South,AL,AL-04,395842,30-34,White,Some College,Female,Some,0
South,KY,KY-02,395901,35-39,Black,Some College,Male,Not much,0
West,OR,OR-01,395904,18-24,White,BA/BS,Female,Some,0
Northeast,CT,CT-02,395987,25-29,Black,BA/BS,Male,A good deal,1
Midwest,IA,IA-03,395998,80 plus,White,HS or less,Male,Some,0
South,TX,TX-15,396012,60-64,Hispanic,HS or less,Male,Not much,0
South,TX,TX-15,396121,18-24,Hispanic,Some College,Female,A good deal,1
Midwest,IL,IL-05,396139,25-29,Other,HS or less,Female,Some,0
West,OR,OR-01,396227,55-59,Asian,Postgrad,Female,A good deal,1
South,NC,NC-07,396256,75-79,White,Postgrad,Female,Some,0
Northeast,NJ,NJ-02,396258,18-24,Black,BA/BS,Male,Some,0
Northeast,MA,MA-07,396470,30-34,White,Postgrad,Male,Not much,0
Midwest,MI,MI-07,396642,18-24,White,BA/BS,Female,Some,0
West,OR,OR-04,396669,80 plus,White,Some College,Male,A good deal,1
South,AL,AL-05,396692,60-64,Other,HS or less,Male,Some,0
Northeast,CT,CT-03,396698,70-74,White,HS or less,Female,A good deal,1
South,AL,AL-05,396856,40-44,White,HS or less,Male,Not much,0
Midwest,IA,IA-03,396998,80 plus,White,BA/BS,Male,Some,0
Midwest,IA,IA-03,397025,50-54,Other,HS or less,Male,Not much,0
South,FL,FL-08,397079,55-59,White,Some College,Female,Some,0
South,TX,TX-15,397287,70-74,Hispanic,HS or less,Female,A good deal,1
South,GA,GA-08,397289,80 plus,White,HS or less,Male,A good deal,1
South,VA,VA-03,397466,25-29,White,Some College,Male,Not much,0
Northeast,CT,CT-02,397505,65-69,White,BA/BS,Male,Some,0
South,AR,AR-01,397835,80 plus,Hispanic,HS or less,Female,A good deal,1
South,GA,GA-11,397938,35-39,Asian,BA/BS,Female,Some,0
Midwest,MN,MN-08,398214,60-64,White,BA/BS,Male,Some,0
South,TN,TN-07,398435,50-54,Other,Some College,Female,A good deal,1
West,CA,CA-14,398518,60-64,White,BA/BS,Female,A good deal,1
West,OR,OR-03,398598,45-49,White,HS or less,Male,Some,0
Midwest,ND,ND-00,398837,25-29,Hispanic,HS or less,Male,Some,0
Midwest,IA,IA-03,398847,75-79,White,HS or less,Female,A good deal,1
West,UT,UT-02,399081,70-74,White,Some College,Female,Some,0
South,AR,AR-02,399113,75-79,White,HS or less,Male,A good deal,1
West,OR,OR-04,399179,80 plus,White,BA/BS,Female,Not much,0
South,FL,FL-08,399317,50-54,White,HS or less,Male,A good deal,1
Midwest,IL,IL-15,399387,40-44,White,Postgrad,Female,Some,0
West,CO,CO-05,399579,80 plus,Hispanic,Postgrad,Female,Some,0
Midwest,MN,MN-08,399815,65-69,White,Some College,Female,Some,0
Northeast,NJ,NJ-02,399841,25-29,Black,BA/BS,Male,A good deal,1
South,TN,TN-07,399909,35-39,White,Some College,Female,Not much,0
